Payment ID,User ID,Customer Name,Mobile,Amount,Status,Gateway,Transaction ID,Invoice Number,Created At
"cmuwtwmsu00ttujvopcgioovy","cmusjj33m02wyl4047hjw98jz","Ankita Luthra","9873368725","0","SUCCESS","PAYMENT_EXEMPT","","","2026-10-06T15:23:49.230Z"
"cmuwtwmnl00trujvof74boea4","cmusjj17502wnl404x1gqwubf","Anil","8750058005","0","SUCCESS","PAYMENT_EXEMPT","","","2026-10-06T15:23:49.041Z"
"cmuwtwmi500tpujvol2k6vrbq","cmusjiz3302wal404sdk9ea62","TANUSH KALRA","9034592144","0","SUCCESS","PAYMENT_EXEMPT","","","2026-10-06T15:23:48.845Z"
"cmuwtwmco00tnujvofc180cdo","cmusjix0h02vxl4040ubmfuc5","Nimit Nagpal","9253053159","0","SUCCESS","PAYMENT_EXEMPT","","","2026-10-06T15:23:48.648Z"
"cmuwtwm7b00tlujvo3zcbn9n2","cmusjgi6r02vml404ssfj4iod","Ishant Munjal","9467846664","0","SUCCESS","PAYMENT_EXEMPT","","","2026-10-06T15:23:48.456Z"
"cmuwtwm1x00tjujvojlqcngco","cmusjgg2402v9l404wo8l45nd","Sahil Dumra","8059300786","0","SUCCESS","PAYMENT_EXEMPT","","","2026-10-06T15:23:48.262Z"
"cmuwtwlwj00thujvou3o7k37i","cmusjge9702uyl40446m5ppwf","Tanya Bhujeja","8307382570","0","SUCCESS","PAYMENT_EXEMPT","","","2026-10-06T15:23:48.067Z"
"cmuwtwlr700tfujvo5nte659k","cmusjgcac02ull404h5qs6irn","Kangan","9306890915","0","SUCCESS","PAYMENT_EXEMPT","","","2026-10-06T15:23:47.875Z"
"cmuwtwllr00tdujvoqndu1jti","cmusjgahi02ual404zj1kwxp4","Sonal Kamra","9313174933","0","SUCCESS","PAYMENT_EXEMPT","","","2026-10-06T15:23:47.679Z"
"cmuwtwlgi00tbujvo5dlkls4o","cmusjg8ir02txl404dx47b27e","Anand Mehta","9992106557","0","SUCCESS","PAYMENT_EXEMPT","","","2026-10-06T15:23:47.490Z"
"cmuwtwlb400t9ujvon0w3ekdl","cmusjg6jx02tkl404wzurfcfp","Anish kalra","9821508472","0","SUCCESS","PAYMENT_EXEMPT","","","2026-10-06T15:23:47.296Z"
"cmuwtwl5p00t7ujvo5qkwz4hc","cmusjg4fa02t7l404kgavnf60","Aseem Grover","9812778224","0","SUCCESS","PAYMENT_EXEMPT","","","2026-10-06T15:23:47.102Z"
"cmuwtwl0e00t5ujvoqnqtoamv","cmusjg2gi02sul4040erh9ke4","Pulkit Pahuja","9215821002","0","SUCCESS","PAYMENT_EXEMPT","","","2026-10-06T15:23:46.910Z"
"cmuwtwkux00t3ujvomcae3h4f","cmusjg0h902shl404ol0jyqpl","Swaraj Sachar","7987737122","0","SUCCESS","PAYMENT_EXEMPT","","","2026-10-06T15:23:46.714Z"
"cmuwtwkpl00t1ujvo72lt1gtj","cmusjfynw02s6l404mcyvadf5","Parinita Kapoor","9536398656","0","SUCCESS","PAYMENT_EXEMPT","","","2026-10-06T15:23:46.521Z"
"cmuwtwkk800szujvoxq8e8ong","cmusjfwp402rtl404ghw34hn5","Naman Nagpal","9896101113","0","SUCCESS","PAYMENT_EXEMPT","","","2026-10-06T15:23:46.328Z"
"cmuwtwkf000sxujvo590ii071","cmusjfuqb02rgl404rluv42u9","SANDHYA","9996011965","0","SUCCESS","PAYMENT_EXEMPT","","","2026-10-06T15:23:46.141Z"
"cmuwtwk9p00svujvoahmngwx0","cmusjfsln02r3l404lcrde166","Sahil","9253058066","0","SUCCESS","PAYMENT_EXEMPT","","","2026-10-06T15:23:45.950Z"
"cmuwtwk4800stujvoc8gn50qj","cmusjfqmv02qql404u46exls4","Rahul Bajaj","9728121916","0","SUCCESS","PAYMENT_EXEMPT","","","2026-10-06T15:23:45.752Z"
"cmuwtwjy200srujvo6jj16fgi","cmusjfoo202qdl404d1bnkzhb","Shubham Narang","8171156353","0","SUCCESS","PAYMENT_EXEMPT","","","2026-10-06T15:23:45.531Z"
"cmuwtwjss00spujvoq4ugz2ce","cmusjfmv702q2l4043l76jij2","Sambhav Ahuja","9811936544","0","SUCCESS","PAYMENT_EXEMPT","","","2026-10-06T15:23:45.340Z"
"cmuwtwjnf00snujvosze6yny2","cmusjfkvf02ppl4042og3taz7","Manisha Luthra","8054765825","0","SUCCESS","PAYMENT_EXEMPT","","","2026-10-06T15:23:45.147Z"
"cmuwtwji800slujvog4k6z38b","cmusjfiz102pel404k2uv635o","Parteek Rajpal","9873512933","0","SUCCESS","PAYMENT_EXEMPT","","","2026-10-06T15:23:44.960Z"
"cmuwtwjcr00sjujvoh9kb9ctk","cmusje63k02p1l404y8q4ia0r","Nishant chopra","8851842042","0","SUCCESS","PAYMENT_EXEMPT","","","2026-10-06T15:23:44.763Z"
"cmuwtwj7g00shujvo57hcka51","cmusje3tq02ool404mvj1m103","Saurabh Bhambi","9769682610","0","SUCCESS","PAYMENT_EXEMPT","","","2026-10-06T15:23:44.573Z"
"cmuwtwj2400sfujvouqrk6pt3","cmusje1xc02odl40485dhvzw9","Chirag","7015176033","0","SUCCESS","PAYMENT_EXEMPT","","","2026-10-06T15:23:44.380Z"
"cmuwtwiwr00sdujvosfvf4pkw","cmusje00y02o2l404ggfvkulm","Amish tandon","8410840646","0","SUCCESS","PAYMENT_EXEMPT","","","2026-10-06T15:23:44.188Z"
"cmuwtwir800sbujvoa0ge3lxu","cmusjdxyd02nrl4044atd0dbu","Manish Kumar","9991115507","0","SUCCESS","PAYMENT_EXEMPT","","","2026-10-06T15:23:43.988Z"
"cmuwtwilu00s9ujvoqn6tkv6s","cmusjdw1u02ngl404t0f4i78g","Nilansh Kohli","7409185701","0","SUCCESS","PAYMENT_EXEMPT","","","2026-10-06T15:23:43.794Z"
"cmuwtwigh00s7ujvoiwos0l24","cmusjdu5h02n5l404b2fskopk","Sahil Chopra","9416180400","0","SUCCESS","PAYMENT_EXEMPT","","","2026-10-06T15:23:43.601Z"
"cmuwtwiay00s5ujvoi17uuzh6","cmusjdrwn02msl4047r9kvltd","Dheeraj Sikri","9990286212","0","SUCCESS","PAYMENT_EXEMPT","","","2026-10-06T15:23:43.402Z"
"cmuwtwi5d00s3ujvot0zv19wi","cmusjdpu302mhl404uo6pdstq","Dheeraj Chugh","9868126657","0","SUCCESS","PAYMENT_EXEMPT","","","2026-10-06T15:23:43.109Z"
"cmuwtwhu100s1ujvoc9a0bpew","cmusjdjms02lgl404xzsqonpw","Rohit bhatia","8290364909","0","SUCCESS","PAYMENT_EXEMPT","","","2026-10-06T15:23:42.793Z"
"cmuwtwhnm00rzujvohanodk5j","cmusjdhk502l3l404rvjvhplb","PRIYANKA SEHDEV","9871168475","0","SUCCESS","PAYMENT_EXEMPT","","","2026-10-06T15:23:42.562Z"
"cmuwtwhi400rxujvohl0w61v3","cmusjdfb902kql4045ksorhdn","Rohit Gupta","9814232511","0","SUCCESS","PAYMENT_EXEMPT","","","2026-10-06T15:23:42.364Z"
"cmuwtwhc300rvujvoe8c6x0n1","cmusjdd8o02kfl404y6lobwsr","Pranav Rai","9997383024","0","SUCCESS","PAYMENT_EXEMPT","","","2026-10-06T15:23:42.147Z"
"cmuwtwh6400rtujvoaxvyd6qb","cmusjdb6002k2l404iklwtht9","Kapila","9812025112","0","SUCCESS","PAYMENT_EXEMPT","","","2026-10-06T15:23:41.932Z"
"cmuwtwh0r00rrujvo6ip3y6hp","cmusjd8x902jpl404o47tum7e","Ankit Chand","8384059254","0","SUCCESS","PAYMENT_EXEMPT","","","2026-10-06T15:23:41.739Z"
"cmuwtwgvg00rpujvo6hmm6zme","cmusjd5zr02jel4049eexd9b7","Mohit Batra","9066691000","0","SUCCESS","PAYMENT_EXEMPT","","","2026-10-06T15:23:41.549Z"
"cmuwtwgq800rnujvo74bfsymk","cmusjbqn202j1l4044mxpsog2","Ashish","8529455665","0","SUCCESS","PAYMENT_EXEMPT","","","2026-10-06T15:23:41.361Z"
"cmuwtwgky00rlujvop7e2kycg","cmusjbooe02iol404q1truxj7","Rahul krishan kalra","9803278711","0","SUCCESS","PAYMENT_EXEMPT","","","2026-10-06T15:23:41.171Z"
"cmuwtwgfn00rjujvo1cg6sifl","cmusjbmvn02idl404fbe07436","Raman kalra","8383966027","0","SUCCESS","PAYMENT_EXEMPT","","","2026-10-06T15:23:40.980Z"
"cmuwtwgae00rhujvoe1guo215","cmusjbkqo02i0l404z90w6yp4","Paritosh Chhabra","9418001968","0","SUCCESS","PAYMENT_EXEMPT","","","2026-10-06T15:23:40.790Z"
"cmuwtwg5500rfujvov6k0y1cz","cmusjbis102hnl4042a2dbzs0","Amee caprihan","9826046261","0","SUCCESS","PAYMENT_EXEMPT","","","2026-10-06T15:23:40.601Z"
"cmuwtwfzu00rdujvoe1mnvola","cmusjbgtd02hal404kj21w22m","Vebhu","9466908898","0","SUCCESS","PAYMENT_EXEMPT","","","2026-10-06T15:23:40.411Z"
"cmuwtwful00rbujvoc9klba3g","cmusjbf0a02gzl404xuhg2k64","Chetan Sachdeva","9466732297","0","SUCCESS","PAYMENT_EXEMPT","","","2026-10-06T15:23:40.221Z"
"cmuwtwfp900r9ujvolbvaj836","cmusjbd7m02gol404n2fbryo9","GAURAV MANCHANDA","9711903277","0","SUCCESS","PAYMENT_EXEMPT","","","2026-10-06T15:23:40.030Z"
"cmuwtwfk000r7ujvona7h49eh","cmusjbb9102gbl404sg71i42f","Namit Mendiratta","9891457611","0","SUCCESS","PAYMENT_EXEMPT","","","2026-10-06T15:23:39.840Z"
"cmuwtwfek00r5ujvoko0zyqic","cmusjb9ag02g0l404inaap2xf","PIYUSH VIRMANI","9810770389","0","SUCCESS","PAYMENT_EXEMPT","","","2026-10-06T15:23:39.644Z"
"cmuwtwf9900r3ujvo9nr7gh00","cmusjb78y02fnl404ynswt7ci","Praveen Kumar","7906108154","0","SUCCESS","PAYMENT_EXEMPT","","","2026-10-06T15:23:39.453Z"
"cmuwtwf3u00r1ujvozrkpl0bo","cmusjazkq02epl404vnn6n0f8","Arushi Bawa","7009161244","0","SUCCESS","PAYMENT_EXEMPT","","","2026-10-06T15:23:39.258Z"
"cmuwtweyi00qzujvo9elgr9mj","cmusjaxgb02ecl404k3jftogj","Hemant Dhawan","9812809929","0","SUCCESS","PAYMENT_EXEMPT","","","2026-10-06T15:23:39.067Z"
"cmuwtwet700qxujvomj4mjerj","cmusjavni02e1l404aql5z2a0","Mrinaal Narang","9996898153","0","SUCCESS","PAYMENT_EXEMPT","","","2026-10-06T15:23:38.875Z"
"cmuwtwenr00qvujvo22b8emk1","cmusjatox02dol40484inuygt","Ravi chandna","9456086685","0","SUCCESS","PAYMENT_EXEMPT","","","2026-10-06T15:23:38.679Z"
"cmuwtweih00qtujvo36wo4tta","cmusjarqb02dbl404nudnmwgn","Gurjeet Singh Bansal","9009875528","0","SUCCESS","PAYMENT_EXEMPT","","","2026-10-06T15:23:38.490Z"
"cmuwtwed300qrujvoi4wkuizj","cmusjapxl02d0l4045h3ydkew","Naveen Dhamija","9810672060","0","SUCCESS","PAYMENT_EXEMPT","","","2026-10-06T15:23:38.295Z"
"cmuwtwe7l00qpujvoblmiambr","cmusjanyz02cnl404fu2nfuoo","Monika","9992293717","0","SUCCESS","PAYMENT_EXEMPT","","","2026-10-06T15:23:38.097Z"
"cmuwtwe2900qnujvodyoqdf1p","cmusj9lph02ccl404cvm9skgx","Anshul Babbar","9416451812","0","SUCCESS","PAYMENT_EXEMPT","","","2026-10-06T15:23:37.905Z"
"cmuwtwdwx00qlujvosol13kyt","cmusj9jwr02c1l404zroa8r0q","Ashish kakkar","8699756586","0","SUCCESS","PAYMENT_EXEMPT","","","2026-10-06T15:23:37.713Z"
"cmuwtwdnw00qjujvorx9a1zsw","cmusj9i4202bql404rhpg3fb8","Manav juneja","9868069531","0","SUCCESS","PAYMENT_EXEMPT","","","2026-10-06T15:23:37.388Z"
"cmuwtwdhn00qhujvonw9evqsa","cmusj9g5i02bdl404cgz5w1ub","YASHIKA DHINGRA","9811451354","0","SUCCESS","PAYMENT_EXEMPT","","","2026-10-06T15:23:37.164Z"
"cmuwtwdc600qfujvoebyfetva","cmusj9e6g02b0l404fprrc8hn","Rubi Arora","9034506745","0","SUCCESS","PAYMENT_EXEMPT","","","2026-10-06T15:23:36.966Z"
"cmuwtwd6w00qdujvou2fvpbvs","cmusj9cd402apl404d5opelsg","Anshul Chanana","9871487035","0","SUCCESS","PAYMENT_EXEMPT","","","2026-10-06T15:23:36.776Z"
"cmuwtwd1n00qbujvo9iszm4jt","cmusj9a8o02acl4048shzenn2","Gourav Allawadhi","8295381112","0","SUCCESS","PAYMENT_EXEMPT","","","2026-10-06T15:23:36.587Z"
"cmuwtwcw000q9ujvoua27zkb5","cmusj98a2029zl404rs144k2u","Megha","7082354546","0","SUCCESS","PAYMENT_EXEMPT","","","2026-10-06T15:23:36.384Z"
"cmuwtwcqq00q7ujvohwml0lxe","cmusj96bh029ml404r9h26z8y","Akshay","9958955233","0","SUCCESS","PAYMENT_EXEMPT","","","2026-10-06T15:23:36.194Z"
"cmuwtwcla00q5ujvoztbrz0iz","cmusj94cv0299l404kke8cing","Amit Kukreja","9729244043","0","SUCCESS","PAYMENT_EXEMPT","","","2026-10-06T15:23:35.999Z"
"cmuwtwcg100q3ujvoqom3at8v","cmusj92ea028wl404o846i9ae","Jatin Grover","9213660424","0","SUCCESS","PAYMENT_EXEMPT","","","2026-10-06T15:23:35.809Z"
"cmuwtwcat00q1ujvo4gmfrr9o","cmusjb5g902fcl404yqety28i","Sunny","8199904142","0","SUCCESS","PAYMENT_EXEMPT","","","2026-10-06T15:23:35.621Z"
"cmuwtwc5e00pzujvo1kznwxgn","cmusj90fm028jl404fi5e3vzp","Mitasha Duggal","9425889030","0","SUCCESS","PAYMENT_EXEMPT","","","2026-10-06T15:23:35.427Z"
"cmuwtwc0100pxujvojwvdqc2n","cmusj8yb50286l4047bw9phi5","Simran Chadha","9711127954","0","SUCCESS","PAYMENT_EXEMPT","","","2026-10-06T15:23:35.234Z"
"cmuwtwbuq00pvujvomp72lrfj","cmusj8wcj027tl404ji6tur16","Tarun Tandon","8081037122","0","SUCCESS","PAYMENT_EXEMPT","","","2026-10-06T15:23:35.043Z"
"cmuwtwbpe00ptujvoy0p5o2z5","cmusj8udw027gl4048bvucp0t","Vinod Munjal","9871649870","0","SUCCESS","PAYMENT_EXEMPT","","","2026-10-06T15:23:34.850Z"
"cmuwtwbju00prujvo44l53b94","cmusj8sh90275l404z2iyqi9v","Rachin Bhalla","9814545462","0","SUCCESS","PAYMENT_EXEMPT","","","2026-10-06T15:23:34.650Z"
"cmuwtwbej00ppujvoltbjh37o","cmusj8qf2026sl404paeyuq8a","Anjali kainth","7579119070","0","SUCCESS","PAYMENT_EXEMPT","","","2026-10-06T15:23:34.459Z"
"cmuwtwb9200pnujvoxd62pf93","cmusj8ogg026fl404aqgpqsvj","RAHUL SHARMA","9654279857","0","SUCCESS","PAYMENT_EXEMPT","","","2026-10-06T15:23:34.262Z"
"cmuwtwb3v00plujvo8i3ubiuw","cmusj7a5n0262l40478r2djpv","Rishab","9728292426","0","SUCCESS","PAYMENT_EXEMPT","","","2026-10-06T15:23:34.076Z"
"cmuwtwayh00pjujvo961x3lil","cmusj77vb025pl4043spld0qv","Divya","9253061471","0","SUCCESS","PAYMENT_EXEMPT","","","2026-10-06T15:23:33.882Z"
"cmuwtwat600phujvoh45pddok","cmusj75wq025cl4046r93r8nn","Tarun Kakkar","9992670651","0","SUCCESS","PAYMENT_EXEMPT","","","2026-10-06T15:23:33.690Z"
"cmuwtwanp00pfujvo4183wgs6","cmusj74400251l404aufjug8v","Neha Ahuja","9953423020","0","SUCCESS","PAYMENT_EXEMPT","","","2026-10-06T15:23:33.493Z"
"cmuwtwai600pdujvosw5ca4po","cmusj7201024ol404j4oj3cnm","Kaushal Nijhawan","9896599605","0","SUCCESS","PAYMENT_EXEMPT","","","2026-10-06T15:23:33.295Z"
"cmuwtwa9k00pbujvo00gy2tgr","cmusj701e024bl404jlo9mt58","Kavish","9466726624","0","SUCCESS","PAYMENT_EXEMPT","","","2026-10-06T15:23:32.984Z"
"cmuwtwa4700p9ujvoozwe2j6e","cmusj6y2r023yl404ilhdqjlv","Sushant","9811632343","0","SUCCESS","PAYMENT_EXEMPT","","","2026-10-06T15:23:32.792Z"
"cmuwtw9y100p7ujvo686umgnh","cmusj6vyc023ll404vqvppyd9","Deepak NARANG","9811208794","0","SUCCESS","PAYMENT_EXEMPT","","","2026-10-06T15:23:32.570Z"
"cmuwtw9sa00p5ujvod2d6m8gy","cmusj6u5m023al404l9h1782s","Kushagra Hans","9416490966","0","SUCCESS","PAYMENT_EXEMPT","","","2026-10-06T15:23:32.362Z"
"cmuwtw9m200p3ujvow0cekqjm","cmusj6s71022xl404qkz09zr2","Aditya Madaan","7404330952","0","SUCCESS","PAYMENT_EXEMPT","","","2026-10-06T15:23:32.138Z"
"cmuwtw9gd00p1ujvoy2kx8w4q","cmusj6q8f022kl404rkam7t36","Akshay","9312272080","0","SUCCESS","PAYMENT_EXEMPT","","","2026-10-06T15:23:31.933Z"
"cmuwtw99500ozujvopndykbey","cmusj6o9v0229l404m95qb8cz","Vikas trikha","9812608073","0","SUCCESS","PAYMENT_EXEMPT","","","2026-10-06T15:23:31.673Z"
"cmuwtw93s00oxujvomeisuvfa","cmusj6mh5021yl4041rmr5ka6","Madhur valecha","9992030239","0","SUCCESS","PAYMENT_EXEMPT","","","2026-10-06T15:23:31.480Z"
"cmuwtw8yh00ovujvovzk8kep7","cmusj6ki3021ll404s9mo1bxh","Dr Chirag","8168019193","0","SUCCESS","PAYMENT_EXEMPT","","","2026-10-06T15:23:31.289Z"
"cmuwtw8t600otujvogk12v3p3","cmusj6ido0218l404j4ehwd49","Dikshita kapoor","9266046052","0","SUCCESS","PAYMENT_EXEMPT","","","2026-10-06T15:23:31.098Z"
"cmuwtw8nx00orujvoluhqzvp0","cmusj6gdk020vl404r4066ubb","Dr. Priya Punyani","8059659010","0","SUCCESS","PAYMENT_EXEMPT","","","2026-10-06T15:23:30.909Z"
"cmuwtw8ie00opujvoxr58ofel","cmusj6ejk020kl4040vs6hwb9","Kinshuk Gujral","9212129848","0","SUCCESS","PAYMENT_EXEMPT","","","2026-10-06T15:23:30.710Z"
"cmuwtw8cy00onujvouzi7pi5s","cmusj6cf40207l404jv5e6ho0","Jayant batra","9811388802","0","SUCCESS","PAYMENT_EXEMPT","","","2026-10-06T15:23:30.514Z"
"cmuwtw87l00olujvoi21jv3j0","cmusj69nb01zwl404833ndet6","Aman Deep Sardana","8305933195","0","SUCCESS","PAYMENT_EXEMPT","","","2026-10-06T15:23:30.321Z"
"cmuwtw82a00ojujvog84bkl0p","cmusj3u1301zjl404jzu0jr1i","Himanshu Arora","9871160537","0","SUCCESS","PAYMENT_EXEMPT","","","2026-10-06T15:23:30.130Z"
"cmuwtw7wz00ohujvor97hpey7","cmusj3s2201z6l404woanzs19","Arpit Kalra","8755910361","0","SUCCESS","PAYMENT_EXEMPT","","","2026-10-06T15:23:29.939Z"
"cmuwtw7rq00ofujvoiqbnysx3","cmusj3q3401yvl404nnz5ix75","Sonia","8950297251","0","SUCCESS","PAYMENT_EXEMPT","","","2026-10-06T15:23:29.750Z"
"cmuwtw7mj00odujvo5ewjl3ai","cmusj3o4601yil404jzbphfem","Sangeeta Kapoor","9810163746","0","SUCCESS","PAYMENT_EXEMPT","","","2026-10-06T15:23:29.563Z"
"cmuwtw7h800obujvofpf9bzdc","cmusj3m5801y5l404hph32fl9","Tushar Arora (Taneja)","9468683446","0","SUCCESS","PAYMENT_EXEMPT","","","2026-10-06T15:23:29.373Z"
"cmuwtw7by00o9ujvoq7e2kiqj","cmusj3ka501xul404k7xqia46","Gitesh wadhwa","9414903517","0","SUCCESS","PAYMENT_EXEMPT","","","2026-10-06T15:23:29.182Z"
"cmuwtw76p00o7ujvo6hw7l8yo","cmusj3igo01xjl40430pl10dm","Shubham Mehta","9034346550","0","SUCCESS","PAYMENT_EXEMPT","","","2026-10-06T15:23:28.994Z"
"cmuwtw71f00o5ujvogbp4oo54","cmusj3ghq01x6l404qrfpsr7o","Pravin Bhatiya","7350804466","0","SUCCESS","PAYMENT_EXEMPT","","","2026-10-06T15:23:28.803Z"
"cmuwtw6w600o3ujvo3kjoqy7u","cmusj3e7101wtl404v49d6ma1","Ravinav Chawla","9417767408","0","SUCCESS","PAYMENT_EXEMPT","","","2026-10-06T15:23:28.614Z"
"cmuwtw6qg00o1ujvo0m2qo1p6","cmusj3c7w01wgl404f6coujp4","Shivani Khurana","9911820783","0","SUCCESS","PAYMENT_EXEMPT","","","2026-10-06T15:23:28.408Z"
"cmuwtw6l500nzujvowkf5vxmk","cmusivta9004ijn04so4fkxjg","Rupankan Satija","9810324344","0","SUCCESS","PAYMENT_EXEMPT","","","2026-10-06T15:23:28.217Z"
"cmuwtw6fd00nxujvo8ytra9qz","cmusivrdo0047jn04n1q2g4rk","Vishal ravi tarika","9726924045","0","SUCCESS","PAYMENT_EXEMPT","","","2026-10-06T15:23:27.915Z"
"cmuwtw64v00nvujvot2yyqufk","cmusivpax003ujn04qncidxo7","Hiresh Ahluwalia","9417131101","0","SUCCESS","PAYMENT_EXEMPT","","","2026-10-06T15:23:27.631Z"
"cmuwtw5wh00ntujvo3albmvk5","cmusivn6y003hjn04okd33ren","Chirag ahuja","8384001388","0","SUCCESS","PAYMENT_EXEMPT","","","2026-10-06T15:23:27.329Z"
"cmuwtw5qu00nrujvo5v4wuwwe","cmusivkrv0034jn046moac4w5","Yogesh Verma","9041876754","0","SUCCESS","PAYMENT_EXEMPT","","","2026-10-06T15:23:27.126Z"
"cmuwtw5ll00npujvohieooh8w","cmusimdsf017nl404v6c68jtu","Diksha Mukhija","9464000886","0","SUCCESS","PAYMENT_EXEMPT","","","2026-10-06T15:23:26.938Z"
"cmuwtw5gd00nnujvou0rylcoh","cmusivejw002hjn04kyypdb2w","Harsh Ahluwalia","9850793697","0","SUCCESS","PAYMENT_EXEMPT","","","2026-10-06T15:23:26.749Z"
"cmuwtw5b400nlujvo8tknm2jv","cmusivch40024jn04tqk5m4kq","Deepak khurana","9817467934","0","SUCCESS","PAYMENT_EXEMPT","","","2026-10-06T15:23:26.560Z"
"cmuwtw55u00njujvotxthtrx3","cmusivakm001tjn04csl43bjj","Sahib Leekha","9729302095","0","SUCCESS","PAYMENT_EXEMPT","","","2026-10-06T15:23:26.371Z"
"cmuwtw50k00nhujvo48pvyjrl","cmusiv8bp001gjn04026jzovv","Pallvee kakkar","9416843900","0","SUCCESS","PAYMENT_EXEMPT","","","2026-10-06T15:23:26.180Z"
"cmuwtw4v700nfujvoso63n5nx","cmusiv68y0013jn04n6yu8sov","Divya","9671633205","0","SUCCESS","PAYMENT_EXEMPT","","","2026-10-06T15:23:25.987Z"
"cmuwtw4pv00ndujvoc6ky5a1b","cmusjdlov02lrl404uiji7u24","Gareema Mehta","9068589674","0","SUCCESS","PAYMENT_EXEMPT","","","2026-10-06T15:23:25.795Z"
"cmuwtw4kh00nbujvou8l5bjox","cmusiv3rv000qjn04m0d14irj","Yogya Kalra","9210642452","0","SUCCESS","PAYMENT_EXEMPT","","","2026-10-06T15:23:25.601Z"
"cmuwtw4f100n9ujvobgv5y16b","cmusiv1iu000djn04g3rj6e42","Naveen kumar","9996710461","0","SUCCESS","PAYMENT_EXEMPT","","","2026-10-06T15:23:25.405Z"
"cmuwtw49500n7ujvogmpxgsgl","cmusiuy8m0000jn04abi9t4iz","Smriti Bhatia","9991005099","0","SUCCESS","PAYMENT_EXEMPT","","","2026-10-06T15:23:25.193Z"
"cmuwtw43600n5ujvogrm0hqs9","cmusirohi01mal404c3xf7ysq","Srishti","9458697669","0","SUCCESS","PAYMENT_EXEMPT","","","2026-10-06T15:23:24.978Z"
"cmuwtw3vz00n3ujvo8nnn8w1y","cmusirmet01lxl404hz28em9r","Kanika Arora","9968068246","0","SUCCESS","PAYMENT_EXEMPT","","","2026-10-06T15:23:24.719Z"
"cmuwtw3ql00n1ujvoq14zyd7j","cmusirkc201lkl4042bie3x91","BHAVYA","9588199585","0","SUCCESS","PAYMENT_EXEMPT","","","2026-10-06T15:23:24.525Z"
"cmuwtw3ir00mzujvo7yryfllj","cmusiri9g01l9l404ygkzvxt9","Simran Grover","7417760646","0","SUCCESS","PAYMENT_EXEMPT","","","2026-10-06T15:23:24.243Z"
"cmuwtw3dd00mxujvo5ndl9mt8","cmusirg1w01kyl404dkrrk4js","Punit","9812411239","0","SUCCESS","PAYMENT_EXEMPT","","","2026-10-06T15:23:24.049Z"
"cmuwtw37v00mvujvo7e3m9n2m","cmusirdz801kll404njfa151u","PIYUSH SETHI","9818356926","0","SUCCESS","PAYMENT_EXEMPT","","","2026-10-06T15:23:23.851Z"
"cmuwtw31f00mtujvo42a58jsv","cmusj36bh01vtl404ycdw1j9s","Anand Kumar","9017954300","0","SUCCESS","PAYMENT_EXEMPT","","","2026-10-06T15:23:23.620Z"
"cmuwtw2vs00mrujvor1axl49c","cmusj34ci01vgl404oq6q9iy0","Sneha Bhambri","8800937177","0","SUCCESS","PAYMENT_EXEMPT","","","2026-10-06T15:23:23.416Z"
"cmuwtw2q800mpujvou13vr6sg","cmusj327o01v3l4047ksk5y87","Aditya Chadha","9810412679","0","SUCCESS","PAYMENT_EXEMPT","","","2026-10-06T15:23:23.216Z"
"cmuwtw2k700mnujvogiwytez3","cmusj308q01uql404gni323ve","Shubham Ganotra","9911184394","0","SUCCESS","PAYMENT_EXEMPT","","","2026-10-06T15:23:23.000Z"
"cmuwtw2eb00mlujvomentvncs","cmusj2y9a01ufl404tkafkz8s","Divya Tandon","9969637819","0","SUCCESS","PAYMENT_EXEMPT","","","2026-10-06T15:23:22.787Z"
"cmuwtw29100mjujvour1z0ac5","cmusj2w7j01u2l404wbl45vfw","Vijay Gupta","9999323945","0","SUCCESS","PAYMENT_EXEMPT","","","2026-10-06T15:23:22.597Z"
"cmuwtw23t00mhujvomjdcfevx","cmusj2u8k01tpl404xgu7rf7e","Jayant Batra","9315600912","0","SUCCESS","PAYMENT_EXEMPT","","","2026-10-06T15:23:22.409Z"
"cmuwtw1yl00mfujvo575n9p2e","cmusj2s9m01tcl4044ttraop8","Manas Chopra","9045898901","0","SUCCESS","PAYMENT_EXEMPT","","","2026-10-06T15:23:22.221Z"
"cmuwtw1ta00mdujvo0cm9wfbv","cmusizu6q01szl404lmo98uvw","Suchain Hans","9910792699","0","SUCCESS","PAYMENT_EXEMPT","","","2026-10-06T15:23:22.030Z"
"cmuwtw1o100mbujvo8rufwid4","cmusizs7v01sml4040pk8y5q0","UTKARSH KHATRI","9671301325","0","SUCCESS","PAYMENT_EXEMPT","","","2026-10-06T15:23:21.840Z"
"cmuwtw1ig00m9ujvo4ttti4t6","cmusizq3201s9l4042cqgz3l3","indu tyagi","8950793305","0","SUCCESS","PAYMENT_EXEMPT","","","2026-10-06T15:23:21.640Z"
"cmuwtw1d400m7ujvovr3lt0gp","cmusizo4401rwl404do02tnyj","Kashish","8284909492","0","SUCCESS","PAYMENT_EXEMPT","","","2026-10-06T15:23:21.448Z"
"cmuwtw17w00m5ujvoiexyvxx1","cmusizm5301rjl404sxqbq8zj","Komal Khurana","8588867884","0","SUCCESS","PAYMENT_EXEMPT","","","2026-10-06T15:23:21.260Z"
"cmuwtw12m00m3ujvovko7pn4p","cmusizkc201r8l40488ooq6a1","Kapil Chugh","9868433470","0","SUCCESS","PAYMENT_EXEMPT","","","2026-10-06T15:23:21.070Z"
"cmuwtw0x900m1ujvo1aj2hjpi","cmusiziiz01qxl404phdj7k8m","Aman bali","9811882965","0","SUCCESS","PAYMENT_EXEMPT","","","2026-10-06T15:23:20.877Z"
"cmuwtw0rw00lzujvo22xjes7m","cmusirbwf01k8l4048bbdwi9v","महक कालड़ा","9557868787","0","SUCCESS","PAYMENT_EXEMPT","","","2026-10-06T15:23:20.684Z"
"cmuwtw0mm00lxujvohoyuwt5e","cmusir9tr01jvl404m1lcl97e","Kritika Gera","7014874732","0","SUCCESS","PAYMENT_EXEMPT","","","2026-10-06T15:23:20.494Z"
"cmuwtw0h500lvujvo9l7831bg","cmusir7r501jil404xw49vvkn","Shubham Mehta","9416755472","0","SUCCESS","PAYMENT_EXEMPT","","","2026-10-06T15:23:20.297Z"
"cmuwtw0b200ltujvoih35ru0c","cmusir5od01j7l404s0me7nea","Nitin Kumar","9996861590","0","SUCCESS","PAYMENT_EXEMPT","","","2026-10-06T15:23:20.078Z"
"cmuwtw05t00lrujvoq3nyl30a","cmusir3ln01iul4040p091tad","Sahil Dhawan","9829499708","0","SUCCESS","PAYMENT_EXEMPT","","","2026-10-06T15:23:19.889Z"
"cmuwtw00e00lpujvokqrcva4d","cmusir1p801ijl404jbebfzrf","Ojus Thakkar","9255910850","0","SUCCESS","PAYMENT_EXEMPT","","","2026-10-06T15:23:19.694Z"
"cmuwtvzv200lnujvo0893xamc","cmusiqzex01i6l404r9cjlv3i","Mahesh","9782825253","0","SUCCESS","PAYMENT_EXEMPT","","","2026-10-06T15:23:19.502Z"
"cmuwtvzph00llujvod7lo8m83","cmusiqxih01hvl40433w4ugs0","Aman manchanda","9996909039","0","SUCCESS","PAYMENT_EXEMPT","","","2026-10-06T15:23:19.301Z"
"cmuwtvzjy00ljujvoh3q4i1y3","cmusiqvfv01hil40444yh3f6t","Sonia Tayde","9654319885","0","SUCCESS","PAYMENT_EXEMPT","","","2026-10-06T15:23:19.102Z"
"cmuwtvzed00lhujvo0s6eznb9","cmusiqt7001h5l404tkr7ol93","Shivam Arora","7906653875","0","SUCCESS","PAYMENT_EXEMPT","","","2026-10-06T15:23:18.901Z"
"cmuwtvz8y00lfujvoflhex9jc","cmusiqqy501gsl4045otpo8rr","Rajan Munjal","9255493512","0","SUCCESS","PAYMENT_EXEMPT","","","2026-10-06T15:23:18.706Z"
"cmuwtvz3c00ldujvo9i9exlyd","cmusiqocz01gfl404huol7si6","Amough Bhaskar","9696812867","0","SUCCESS","PAYMENT_EXEMPT","","","2026-10-06T15:23:18.504Z"
"cmuwtvyxx00lbujvo5tqtsqqx","cmusip68x01fsl4040npbbjgp","Gaurav chhabra","9812346737","0","SUCCESS","PAYMENT_EXEMPT","","","2026-10-06T15:23:18.309Z"
"cmuwtvysk00l9ujvo02lqy7de","cmusip49k01ffl404vk6sspz4","P arora","9478791436","0","SUCCESS","PAYMENT_EXEMPT","","","2026-10-06T15:23:18.116Z"
"cmuwtvyn900l7ujvobnqm7z4c","cmusip24501f2l404h9h8jxsn","NIPUN CHANNA","9414139543","0","SUCCESS","PAYMENT_EXEMPT","","","2026-10-06T15:23:17.926Z"
"cmuwtvyht00l5ujvopw869ef7","cmusip0aj01erl404fxrbfwjk","Asha mehta","9466613281","0","SUCCESS","PAYMENT_EXEMPT","","","2026-10-06T15:23:17.729Z"
"cmuwtvycb00l3ujvoioiguea4","cmusioyb101eel404vpin21fw","Tejaswi Malhotra","9818004749","0","SUCCESS","PAYMENT_EXEMPT","","","2026-10-06T15:23:17.531Z"
"cmuwtvy6w00l1ujvouxuwzgdh","cmusiowbk01e1l4046pdewamm","Shreya khanna","9810643295","0","SUCCESS","PAYMENT_EXEMPT","","","2026-10-06T15:23:17.336Z"
"cmuwtvy1f00kzujvo6uumju22","cmusioubt01dol4046ecrsagz","Jai Krishna Sood","6393664907","0","SUCCESS","PAYMENT_EXEMPT","","","2026-10-06T15:23:17.140Z"
"cmuwtvxw700kxujvozhugium1","cmusiosie01ddl4045033yqvp","Karan Mehta","9306057576","0","SUCCESS","PAYMENT_EXEMPT","","","2026-10-06T15:23:16.951Z"
"cmuwtvxqw00kvujvou5v7f0il","cmusioqef01d2l404aal4mmq7","Saurabh Kapoor","8860409756","0","SUCCESS","PAYMENT_EXEMPT","","","2026-10-06T15:23:16.761Z"
"cmuwtvxlo00ktujvo5rh0pdus","cmusioof201cpl404o12fo9ps","Dr. Mukul Ahuja","8700566121","0","SUCCESS","PAYMENT_EXEMPT","","","2026-10-06T15:23:16.572Z"
"cmuwtvxgc00krujvo4pj6vpc6","cmusiom9s01ccl404el1nxbx3","Aayushi Verma","9810023134","0","SUCCESS","PAYMENT_EXEMPT","","","2026-10-06T15:23:16.380Z"
"cmuwtvxax00kpujvoj35foh4t","cmusioka901bzl404rvnv74t0","SAURABH GOGIYA","8168998291","0","SUCCESS","PAYMENT_EXEMPT","","","2026-10-06T15:23:16.186Z"
"cmuwtvx5k00knujvowc7znx3a","cmusioiaw01bml404nzoir1gv","Akshay","9968554090","0","SUCCESS","PAYMENT_EXEMPT","","","2026-10-06T15:23:15.992Z"
"cmuwtvx0700klujvo0kkg60a5","cmusiogbg01b9l404pbocg9a4","Sanjeev","7404169001","0","SUCCESS","PAYMENT_EXEMPT","","","2026-10-06T15:23:15.799Z"
"cmuwtvwuw00kjujvoe4xgzg53","cmusioe4m01awl404963n9qhh","Ashutosh Aneja","9568130111","0","SUCCESS","PAYMENT_EXEMPT","","","2026-10-06T15:23:15.609Z"
"cmuwtvwpk00khujvo6bo5qdrb","cmusioc5801ajl404l3exlsj9","DIVYE ARORA","9810259820","0","SUCCESS","PAYMENT_EXEMPT","","","2026-10-06T15:23:15.417Z"
"cmuwtvwjy00kfujvo85zxhjxs","cmusioa5t01a6l404l9v52b64","Dharvi","8447983431","0","SUCCESS","PAYMENT_EXEMPT","","","2026-10-06T15:23:15.215Z"
"cmuwtvweb00kdujvo79q9p19z","cmusio86f019tl40421gld8v8","Smriti Batra","7708521826","0","SUCCESS","PAYMENT_EXEMPT","","","2026-10-06T15:23:15.011Z"
"cmuwtvw7g00kbujvodm5f18ys","cmusio63j019gl404nfmzuuxq","Deepak Bajaj","9416030094","0","SUCCESS","PAYMENT_EXEMPT","","","2026-10-06T15:23:14.765Z"
"cmuwtvw0r00k9ujvolj6vl419","cmusio41r0193l404tla9lt0x","Ravi kukreja","7988473964","0","SUCCESS","PAYMENT_EXEMPT","","","2026-10-06T15:23:14.523Z"
"cmuwtvvvf00k7ujvoqun2en8j","cmusimjqn018ql404n6skw6nt","Vikas vij","9034365653","0","SUCCESS","PAYMENT_EXEMPT","","","2026-10-06T15:23:14.331Z"
"cmuwtvvpz00k5ujvovu67a1dh","cmusimhr9018dl404cbfbgp8k","Jayant Gureja","7791821777","0","SUCCESS","PAYMENT_EXEMPT","","","2026-10-06T15:23:14.136Z"
"cmuwtvvkn00k3ujvof6uy5776","cmusimfrw0180l404vuiz9686","Manav Mehta","9896551336","0","SUCCESS","PAYMENT_EXEMPT","","","2026-10-06T15:23:13.943Z"
"cmuwtvvfb00k1ujvoppup539z","cmusimbt1017al404turqbutg","Sohit Arora","9355804000","0","SUCCESS","PAYMENT_EXEMPT","","","2026-10-06T15:23:13.751Z"
"cmuwtvv9v00jzujvoo7rjzw40","cmusim9sq016xl404hvng6dq0","Jatin Chhabra","9540795760","0","SUCCESS","PAYMENT_EXEMPT","","","2026-10-06T15:23:13.555Z"
"cmuwtvv3700jxujvod1dgljzp","cmusim7ng016kl404upd08cbp","Ajit kumar","9992306380","0","SUCCESS","PAYMENT_EXEMPT","","","2026-10-06T15:23:13.315Z"
"cmuwtvux600jvujvo4wfmw3qe","cmusim5u10169l404cd7nwbrt","Indu Bala","9560919500","0","SUCCESS","PAYMENT_EXEMPT","","","2026-10-06T15:23:13.098Z"
"cmuwtvur700jtujvoymdvxcum","cmusim40l015yl404s1i5o0z1","Nitin Madaan","9254437042","0","SUCCESS","PAYMENT_EXEMPT","","","2026-10-06T15:23:12.794Z"
"cmuwtvuii00jrujvo7bkqusmd","cmusim218015ll404d1wgpudt","Himanshu","8950610021","0","SUCCESS","PAYMENT_EXEMPT","","","2026-10-06T15:23:12.570Z"
"cmuwtvud400jpujvo0qgmdkg7","cmusim01u0158l404yx668d2h","Shubham Sharma","8218200486","0","SUCCESS","PAYMENT_EXEMPT","","","2026-10-06T15:23:12.377Z"
"cmuwtvu7v00jnujvofud57yo3","cmusizg6b01qkl404lazotwsn","Shivam mehendiratta","9927071900","0","SUCCESS","PAYMENT_EXEMPT","","","2026-10-06T15:23:12.187Z"
"cmuwtvu0d00jlujvoa2xbeemv","cmusize1j01q7l404panlnmq3","Simran Mahendru","9968263180","0","SUCCESS","PAYMENT_EXEMPT","","","2026-10-06T15:23:11.917Z"
"cmuwtvtrh00jjujvotfa8yruf","cmusizc2f01pul404iwwhuzgb","Siddharth Kalia","7207747380","0","SUCCESS","PAYMENT_EXEMPT","","","2026-10-06T15:23:11.597Z"
"cmuwtvtf200jhujvotbptxm20","cmusiza3h01phl404hqo1i2w5","Ishant Hans","9899100902","0","SUCCESS","PAYMENT_EXEMPT","","","2026-10-06T15:23:11.151Z"
"cmuwtvt8h00jfujvoj578kib1","cmusiz84g01p6l404a1wbksop","Chetan Sharma","9253133422","0","SUCCESS","PAYMENT_EXEMPT","","","2026-10-06T15:23:10.914Z"
"cmuwtvt3a00jdujvoi0qfpfp8","cmusiz65901otl404w9q3q58g","Deepanshu arora","9212723995","0","SUCCESS","PAYMENT_EXEMPT","","","2026-10-06T15:23:10.727Z"
"cmuwtvsxz00jbujvo7afc3ubi","cmusiz40f01ogl404f425jz8e","Harkirat Singh","7898590905","0","SUCCESS","PAYMENT_EXEMPT","","","2026-10-06T15:23:10.535Z"
"cmuwtvssh00j9ujvowasyroig","cmusiz1vg01o3l404mutz5lui","Aastha","8295195531","0","SUCCESS","PAYMENT_EXEMPT","","","2026-10-06T15:23:10.337Z"
"cmuwtvsn600j7ujvonftk97xx","cmusiyzs801nql4048kyqolc8","Vaibhav Grover","9466060872","0","SUCCESS","PAYMENT_EXEMPT","","","2026-10-06T15:23:10.146Z"
"cmuwtvshf00j5ujvonkdzfo51","cmusiyxta01ndl404kauf0z3j","Daksh Verma","9868885054","0","SUCCESS","PAYMENT_EXEMPT","","","2026-10-06T15:23:09.940Z"
"cmuwtvsc100j3ujvo675iuk2k","cmusiyvog01n0l404wg5on164","Pankaj narula","9992340309","0","SUCCESS","PAYMENT_EXEMPT","","","2026-10-06T15:23:09.745Z"
"cmuwtvs6i00j1ujvowz2al7kv","cmusiyske01mnl404hd2ufw5i","Mudit vip","9811051820","0","SUCCESS","PAYMENT_EXEMPT","","","2026-10-06T15:23:09.546Z"
"cmuwtvs1500izujvorzt0bf96","cmusiw3nx0069jn041he2m6bk","Megha","9416767237","0","SUCCESS","PAYMENT_EXEMPT","","","2026-10-06T15:23:09.353Z"
"cmuwtvrvx00ixujvo090p43vc","cmusiw1l7005wjn04oi1lfe7i","Sirat Sapra","9417008717","0","SUCCESS","PAYMENT_EXEMPT","","","2026-10-06T15:23:09.165Z"
"cmuwtvrqo00ivujvo12d2hz33","cmusivzif005jjn040qf5eqy6","Jony madaan","8607492171","0","SUCCESS","PAYMENT_EXEMPT","","","2026-10-06T15:23:08.977Z"
"cmuwtvrlg00itujvookcaqg9d","cmusivx9i0056jn0469apfgut","Rahul Dhawan","9501158490","0","SUCCESS","PAYMENT_EXEMPT","","","2026-10-06T15:23:08.788Z"
"cmuwtvrg200irujvos7f4ymte","cmusivvcz004vjn04h2lt34rh","Rajeev Batra","9312290222","0","SUCCESS","PAYMENT_EXEMPT","","","2026-10-06T15:23:08.594Z"
"cmuwtvran00ipujvonxo66s65","cmusilw31014kl404q1vr8yit","Sachin Arora","9034430191","0","SUCCESS","PAYMENT_EXEMPT","","","2026-10-06T15:23:08.399Z"
"cmuwtvr5300inujvo42jlvbhf","cmusilu3n0147l404ta515djj","Virender Singh","8396908906","0","SUCCESS","PAYMENT_EXEMPT","","","2026-10-06T15:23:08.199Z"
"cmuwtvqzk00ilujvo6j77woep","cmusils49013ul404jrd9uklr","Vinay","9992499135","0","SUCCESS","PAYMENT_EXEMPT","","","2026-10-06T15:23:08.000Z"
"cmuwtvqtz00ijujvo3vp5psov","cmusilqau013jl4048y9l62bw","PARAS VIJ","9810723470","0","SUCCESS","PAYMENT_EXEMPT","","","2026-10-06T15:23:07.800Z"
"cmuwtvqn800ihujvo0k8zuzb9","cmusilobf0138l404v3ctovvu","Sahil Taneja","9560949445","0","SUCCESS","PAYMENT_EXEMPT","","","2026-10-06T15:23:07.557Z"
"cmuwtvq6800ifujvoghcbeq3g","cmusilmb5012vl404wssqh6f2","Anshul Chopra","9463598566","0","SUCCESS","PAYMENT_EXEMPT","","","2026-10-06T15:23:06.944Z"
"cmuwtvpzr00idujvoyw4hoieu","cmusgi7ej00d7ld04k6wy3bx9","Chetanya Kaushal","9414674900","0","SUCCESS","PAYMENT_EXEMPT","","","2026-10-06T15:23:06.711Z"
"cmuwtvptt00ibujvo4odd3vbz","cmusgh1uz006eld04h6l7i2m5","Ritika","6239416414","0","SUCCESS","PAYMENT_EXEMPT","","","2026-10-06T15:23:06.497Z"
"cmuwtvpoe00i9ujvosrw0j6sj","cmutwiskv0000ujsspwkvf4xi","Ankit dureja","9255179531","0","SUCCESS","PAYMENT_EXEMPT","","","2026-10-06T15:23:06.302Z"
"cmuwtvpib00i7ujvowvk7m7d3","cmutwekmq01a5ujsgxtifnh7n","Sagar sahni","8199086162","0","SUCCESS","PAYMENT_EXEMPT","","","2026-10-06T15:23:06.083Z"
"cmuwtvpc500i5ujvodq6qzmxo","cmutwej4y019dujsgczsl662r","Dr Vivek Pahwa","8076453336","0","SUCCESS","PAYMENT_EXEMPT","","","2026-10-06T15:23:05.861Z"
"cmuwtvp6m00i3ujvopds9v2z5","cmutweihe0190ujsg02p1g0ib","Aditya Gandhii","9592929157","0","SUCCESS","PAYMENT_EXEMPT","","","2026-10-06T15:23:05.662Z"
"cmuwtvp0800i1ujvou5bwao98","cmutwehoy018nujsg9bhgkfpe","Akshay Pahwa","9027111058","0","SUCCESS","PAYMENT_EXEMPT","","","2026-10-06T15:23:05.432Z"
"cmuwtvour00hzujvo1l1uu3qu","cmusichfa00psl404kew78iku","Mohit chawla","9119015108","0","SUCCESS","PAYMENT_EXEMPT","","","2026-10-06T15:23:05.235Z"
"cmuwtvooq00hxujvo0hje8uas","cmusicfh100pfl404lbn7h3ak","Sandeep kumar chalana","9050080160","0","SUCCESS","PAYMENT_EXEMPT","","","2026-10-06T15:23:05.018Z"
"cmuwtvojd00hvujvovm4585ko","cmusicdd200p2l404azf5qt6h","Shubham Dahuja","9760785221","0","SUCCESS","PAYMENT_EXEMPT","","","2026-10-06T15:23:04.826Z"
"cmuwtvodz00htujvou1wgyx4d","cmusicbb200opl4044ruu0i8x","Sagar Chadha","7800150955","0","SUCCESS","PAYMENT_EXEMPT","","","2026-10-06T15:23:04.632Z"
"cmuwtvo8o00hrujvopnpowfjb","cmusic9cv00oel4048g6ubydf","Vishal Wadhwa","8059650826","0","SUCCESS","PAYMENT_EXEMPT","","","2026-10-06T15:23:04.440Z"
"cmuwtvo3900hpujvo5dqc2631","cmusic7en00o1l404t0uquou9","BHARAT BHUSHAN","9416079790","0","SUCCESS","PAYMENT_EXEMPT","","","2026-10-06T15:23:04.245Z"
"cmuwtvnxv00hnujvotaxnlm64","cmusic5gf00nol404mamfrccy","Badal Dhingra","7678259568","0","SUCCESS","PAYMENT_EXEMPT","","","2026-10-06T15:23:04.051Z"
"cmuwtvnsl00hlujvo0odt0xn2","cmusic3o400ndl404he21lri7","Tanya khurana","8437672068","0","SUCCESS","PAYMENT_EXEMPT","","","2026-10-06T15:23:03.861Z"
"cmuwtvnn800hjujvo0j0gnxqg","cmusic1k100n0l404bmiks04j","Saranmeet Singh","9359069131","0","SUCCESS","PAYMENT_EXEMPT","","","2026-10-06T15:23:03.668Z"
"cmuwtvnhg00hhujvoi7f3okz9","cmusibzrm00mpl4048dz9wv2d","Jitu","9468221346","0","SUCCESS","PAYMENT_EXEMPT","","","2026-10-06T15:23:03.461Z"
"cmuwtvnb300hfujvol4n9pz1i","cmusibxw300mel404kkxmdejm","Gaurav Malhotra","9389667682","0","SUCCESS","PAYMENT_EXEMPT","","","2026-10-06T15:23:03.231Z"
"cmuwtvn4300hdujvoasilpjv4","cmusibvxt00m1l404mhp71l6q","Nimit Vig","9810352323","0","SUCCESS","PAYMENT_EXEMPT","","","2026-10-06T15:23:02.979Z"
"cmuwtvmyk00hbujvo6x8tyi49","cmusibtzm00lol4043694ewxm","Yashika","9910025827","0","SUCCESS","PAYMENT_EXEMPT","","","2026-10-06T15:23:02.780Z"
"cmuwtvmta00h9ujvol5q01zbg","cmusibrqd00lbl404ipqzqind","Anupam","8607615715","0","SUCCESS","PAYMENT_EXEMPT","","","2026-10-06T15:23:02.590Z"
"cmuwtvmnx00h7ujvo5gv9r08x","cmusibpgk00kyl404er5wigf9","Gautam Goswami","6263863301","0","SUCCESS","PAYMENT_EXEMPT","","","2026-10-06T15:23:02.397Z"
"cmuwtvmid00h5ujvosnogoyzh","cmusibnie00kll4047kvpn6g4","Gaurav Arora","7906460349","0","SUCCESS","PAYMENT_EXEMPT","","","2026-10-06T15:23:02.197Z"
"cmuwtvmcw00h3ujvoczev9eeh","cmusiblk800k8l404bda5mjfb","Yogish Sachdeva","9711809717","0","SUCCESS","PAYMENT_EXEMPT","","","2026-10-06T15:23:02.000Z"
"cmuwtvm7500h1ujvokixxdifh","cmusibjg400jvl404jaabi0pg","Mohit pahuja","9813148345","0","SUCCESS","PAYMENT_EXEMPT","","","2026-10-06T15:23:01.793Z"
"cmuwtvm1m00gzujvosel79jph","cmusibgov00jkl4047nivxbrb","Shubham Dhamija","9306124204","0","SUCCESS","PAYMENT_EXEMPT","","","2026-10-06T15:23:01.594Z"
"cmuwtvlw800gxujvo2mypzamm","cmusi8xr100j7l404xh3ji3x2","Jatin Kalra","8003895385","0","SUCCESS","PAYMENT_EXEMPT","","","2026-10-06T15:23:01.400Z"
"cmuwtvlpp00gvujvofro4wp5n","cmusi8vr400iul4041sx8fbyc","PARAS","9992910890","0","SUCCESS","PAYMENT_EXEMPT","","","2026-10-06T15:23:01.165Z"
"cmuwtvljv00gtujvoox1uvraw","cmusi8tx800ijl4042sn0mnnd","dev kumar","9813332355","0","SUCCESS","PAYMENT_EXEMPT","","","2026-10-06T15:23:00.956Z"
"cmuwtvlct00grujvo3cwe63zr","cmusi8rxc00i8l4041f30g3yr","Deepak sardana","9711222096","0","SUCCESS","PAYMENT_EXEMPT","","","2026-10-06T15:23:00.701Z"
"cmuwtvl7a00gpujvoef7omy5v","cmusi8pxd00hvl404m6tid4y4","Anjli Mehta","9812767704","0","SUCCESS","PAYMENT_EXEMPT","","","2026-10-06T15:23:00.502Z"
"cmuwtvl1j00gnujvoym0vw78d","cmusi8nwo00hil4049fy7anjs","Chander Prakash","8287284780","0","SUCCESS","PAYMENT_EXEMPT","","","2026-10-06T15:23:00.295Z"
"cmuwtvkw000glujvooemaky6h","cmusi8m2r00h7l4047s33mg8f","Shivam Dawar","9760004610","0","SUCCESS","PAYMENT_EXEMPT","","","2026-10-06T15:23:00.096Z"
"cmuwtvkqj00gjujvoei70f7tv","cmusi8jwx00gwl40472sx6hjr","Rohan Kapoor","9215264888","0","SUCCESS","PAYMENT_EXEMPT","","","2026-10-06T15:22:59.899Z"
"cmuwtvkl700ghujvoa1m6bv3j","cmusi8i3100gll404lkzh9liy","Udit kumar bhola","9602683000","0","SUCCESS","PAYMENT_EXEMPT","","","2026-10-06T15:22:59.707Z"
"cmuwtvkfr00gfujvolp7het8w","cmusi8fx600g8l404sogwquv0","Gagandeep Dhir","8600016672","0","SUCCESS","PAYMENT_EXEMPT","","","2026-10-06T15:22:59.511Z"
"cmuwtvka300gdujvovqemar5f","cmusi8dx700fvl404qv7zeqmz","Lavisha Babbbar","9255521844","0","SUCCESS","PAYMENT_EXEMPT","","","2026-10-06T15:22:59.307Z"
"cmuwtvk4r00gbujvoslm88z6h","cmusi8brc00fil404oiwf7yz4","Nikhil Sachdeva","9992157876","0","SUCCESS","PAYMENT_EXEMPT","","","2026-10-06T15:22:59.116Z"
"cmuwtvjzj00g9ujvoj0ork1j0","cmusi89xf00f7l4040uxj02rb","Swati Taneja","7696387440","0","SUCCESS","PAYMENT_EXEMPT","","","2026-10-06T15:22:58.927Z"
"cmuwtvju900g7ujvojuw68wlp","cmusi765700e7l404l0qwsyqa","Krati Seth","9568692059","0","SUCCESS","PAYMENT_EXEMPT","","","2026-10-06T15:22:58.738Z"
"cmuwtvjox00g5ujvonoa7jkhv","cmusi853k00ekl4040furhq6p","Raman Wadhwa","9034729177","0","SUCCESS","PAYMENT_EXEMPT","","","2026-10-06T15:22:58.546Z"
"cmuwtvjjj00g3ujvoq3vjvjk5","cmusi74ba00dwl404acn1gb44","Dr Aayushi Wadhwa","9518043880","0","SUCCESS","PAYMENT_EXEMPT","","","2026-10-06T15:22:58.351Z"
"cmuwtvje900g1ujvoetwzc13v","cmusi72be00djl404fpddd6vw","Sneha verma","9560276563","0","SUCCESS","PAYMENT_EXEMPT","","","2026-10-06T15:22:58.161Z"
"cmuwtvj8s00fzujvocnk0bktn","cmusi70hi00d8l404e7ksn8oi","Ajay","8708848334","0","SUCCESS","PAYMENT_EXEMPT","","","2026-10-06T15:22:57.965Z"
"cmuwtvj3d00fxujvo79wu9s80","cmusi6yhn00cvl404xqbhdua8","Madhav sethi","7838156706","0","SUCCESS","PAYMENT_EXEMPT","","","2026-10-06T15:22:57.769Z"
"cmuwtvivb00fvujvo563mo2zg","cmusi6w4800cil404y61vublk","Ankush walecha","9910257649","0","SUCCESS","PAYMENT_EXEMPT","","","2026-10-06T15:22:57.479Z"
"cmuwtvipd00ftujvoedf360xv","cmusi6tye00c5l404m84zi006","Lakshay kalra","9464660221","0","SUCCESS","PAYMENT_EXEMPT","","","2026-10-06T15:22:57.265Z"
"cmuwtvik300frujvobniynqhh","cmusi6ryi00bsl404ylnjlftk","Himanshu","8950615756","0","SUCCESS","PAYMENT_EXEMPT","","","2026-10-06T15:22:57.075Z"
"cmuwtvie600fpujvosoprjzs7","cmusi6psm00bfl404505tgs9g","Mahesh Madaan","8816882452","0","SUCCESS","PAYMENT_EXEMPT","","","2026-10-06T15:22:56.862Z"
"cmuwtvi7o00fnujvoqkgkltef","cmusi6nsl00b2l404934cuyqj","Abhishek Dheer","9416684863","0","SUCCESS","PAYMENT_EXEMPT","","","2026-10-06T15:22:56.628Z"
"cmuwtvi1z00flujvocc7v2bku","cmusi6lso00apl404qp6f74ap","Ayush arya","9873443959","0","SUCCESS","PAYMENT_EXEMPT","","","2026-10-06T15:22:56.423Z"
"cmuwtvhw500fjujvo44gq6pkc","cmusi6jsq00acl40422shpfc5","Himanshu batra","9729825754","0","SUCCESS","PAYMENT_EXEMPT","","","2026-10-06T15:22:56.213Z"
"cmuwtvhq300fhujvoyad83w6l","cmusi67tb008ul40405s7zbnz","Monika dawar","9811795542","0","SUCCESS","PAYMENT_EXEMPT","","","2026-10-06T15:22:55.995Z"
"cmuwtvhjt00ffujvo6n8qt76c","cmusi6cb9009kl40478fni2gf","Karan Chugh","9896001760","0","SUCCESS","PAYMENT_EXEMPT","","","2026-10-06T15:22:55.770Z"
"cmuwtvhdm00fdujvoqf4ktpb3","cmusi6ab50097l404wpk2x3dp","Jatin Sachdeva","9810309195","0","SUCCESS","PAYMENT_EXEMPT","","","2026-10-06T15:22:55.546Z"
"cmuwtvh6a00fbujvo9v2cxnth","cmusgjn9y00lvld04hgkqepw8","Komal Deep Kaur","8872113444","0","SUCCESS","PAYMENT_EXEMPT","","","2026-10-06T15:22:55.282Z"
"cmuwtvh0u00f9ujvoj1c3yktq","cmusgjla500lild04d7ohm1uc","KARAN BHATIA","9990800964","0","SUCCESS","PAYMENT_EXEMPT","","","2026-10-06T15:22:55.086Z"
"cmuwtvgvi00f7ujvoncwkrj7b","cmusgide200eald04u42visk9","Bhanu Batra","9255194539","0","SUCCESS","PAYMENT_EXEMPT","","","2026-10-06T15:22:54.894Z"
"cmuwtvgpm00f5ujvo05vaeb93","cmusgh5uo0074ld041hry4sh2","Arpit Batra","8194004016","0","SUCCESS","PAYMENT_EXEMPT","","","2026-10-06T15:22:54.682Z"
"cmuwtvgk900f3ujvofbfyppvq","cmushr62u001ykw04mqyhyfon","Mayand Dua","9992979343","0","SUCCESS","PAYMENT_EXEMPT","","","2026-10-06T15:22:54.489Z"
"cmuwtvgew00f1ujvop89gbkky","cmusgfqxx0000ld048kin9blm","NIKITA SURI","9868225151","0","SUCCESS","PAYMENT_EXEMPT","","","2026-10-06T15:22:54.296Z"
"cmuwtvg9m00ezujvoa088b3q8","cmushquy80011kw048i9lrkdc","Jyoti","9560662940","0","SUCCESS","PAYMENT_EXEMPT","","","2026-10-06T15:22:54.106Z"
"cmuwtvg4a00exujvoal1n7n7c","cmushqssj000okw04ai2b93mz","Kunal Kumar","9013433387","0","SUCCESS","PAYMENT_EXEMPT","","","2026-10-06T15:22:53.914Z"
"cmuwtvfx000evujvo8g3zk89i","cmushqqmu000bkw04kk8rvvrc","Kartik Kakkar","8954131274","0","SUCCESS","PAYMENT_EXEMPT","","","2026-10-06T15:22:53.652Z"
"cmuwtvfr200etujvou8zmxeow","cmushqnsa0000kw043d95dc40","GAURAV GIROTI","8830647568","0","SUCCESS","PAYMENT_EXEMPT","","","2026-10-06T15:22:53.438Z"
"cmuwtvfl900erujvo1ruk4ovk","cmushhtla00gxkx045kvh1yv2","Mohit Kumar","8178998542","0","SUCCESS","PAYMENT_EXEMPT","","","2026-10-06T15:22:53.229Z"
"cmuwtvffx00epujvobfgfom6q","cmushhrj900gkkx04jhuq24yk","Akash Bambi","9811332965","0","SUCCESS","PAYMENT_EXEMPT","","","2026-10-06T15:22:53.038Z"
"cmuwtvfal00enujvoucehwb30","cmushhphj00g7kx045qardzu0","Shivam Suneja","9456115117","0","SUCCESS","PAYMENT_EXEMPT","","","2026-10-06T15:22:52.846Z"
"cmuwtvf5700elujvo9clnu222","cmushhnio00fwkx04onqk8csm","Sagar Khindri","9467817011","0","SUCCESS","PAYMENT_EXEMPT","","","2026-10-06T15:22:52.652Z"
"cmuwtvezm00ejujvo6x9rgnbu","cmushhllg00flkx04sn50u2a4","Shanky arora","9811474507","0","SUCCESS","PAYMENT_EXEMPT","","","2026-10-06T15:22:52.450Z"
"cmuwtveu600ehujvoixksil15","cmushhjjo00fakx04xtndalsh","Kashish","9728075989","0","SUCCESS","PAYMENT_EXEMPT","","","2026-10-06T15:22:52.254Z"
"cmuwtveop00efujvojekxlg8b","cmushhhhw00exkx04h2jaab1z","Simran Adlakha","9312137302","0","SUCCESS","PAYMENT_EXEMPT","","","2026-10-06T15:22:52.057Z"
"cmuwtvei500edujvou966hmqs","cmushhfg400ekkx04t3z2bxt3","Aviral agarwal","9811557695","0","SUCCESS","PAYMENT_EXEMPT","","","2026-10-06T15:22:51.821Z"
"cmuwtvect00ebujvoxkckujuu","cmushhded00e7kx04vmszj93r","Amit Arora","9812289675","0","SUCCESS","PAYMENT_EXEMPT","","","2026-10-06T15:22:51.629Z"
"cmuwtve7f00e9ujvoknpic2jo","cmushhbiq00dwkx04ks1y690p","JAGRITI SEHGAL","9717079410","0","SUCCESS","PAYMENT_EXEMPT","","","2026-10-06T15:22:51.435Z"
"cmuwtve2400e7ujvoyeggep4b","cmushh9lt00dlkx04lozf9sk4","Ashu","7988596676","0","SUCCESS","PAYMENT_EXEMPT","","","2026-10-06T15:22:51.244Z"
"cmuwtvdwr00e5ujvoh94i39wo","cmushh7k100dakx04jtgcss8z","Umesh taneja","9050830550","0","SUCCESS","PAYMENT_EXEMPT","","","2026-10-06T15:22:51.052Z"
"cmuwtvdrh00e3ujvofe8zeylt","cmushh5og00czkx04q90a43pe","Vishal Kalhan","8770534807","0","SUCCESS","PAYMENT_EXEMPT","","","2026-10-06T15:22:50.862Z"
"cmuwtvdm600e1ujvo5pepvwbl","cmushh1ew00c9kx04m95plg0a","Prerak chugh","8950510412","0","SUCCESS","PAYMENT_EXEMPT","","","2026-10-06T15:22:50.670Z"
"cmuwtvdgh00dzujvouxuhn6ry","cmushgzd600bwkx0449v4blc4","Prince Asija","9468176095","0","SUCCESS","PAYMENT_EXEMPT","","","2026-10-06T15:22:50.465Z"
"cmuwtvdb600dxujvo86aqe2is","cmushgx7800bjkx04sv8vxurz","SOURABH","9215607745","0","SUCCESS","PAYMENT_EXEMPT","","","2026-10-06T15:22:50.274Z"
"cmuwtvd5o00dvujvoy0k6n15h","cmushc86m00b6kx04fteynntx","Parveen kumar Nagpal","7503785337","0","SUCCESS","PAYMENT_EXEMPT","","","2026-10-06T15:22:50.077Z"
"cmuwtvd0c00dtujvobl5ev5mo","cmushc5st00atkx04n63rujla","Gaurav Nangru","9466699117","0","SUCCESS","PAYMENT_EXEMPT","","","2026-10-06T15:22:49.884Z"
"cmuwtvcux00drujvo6phz9il7","cmushc3r800aikx04foe0lgzm","Bhupesh","8950322325","0","SUCCESS","PAYMENT_EXEMPT","","","2026-10-06T15:22:49.689Z"
"cmuwtvcpl00dpujvohomsymce","cmushc1pp00a7kx04mt2cv6hz","Agrim  Miglani","9416368987","0","SUCCESS","PAYMENT_EXEMPT","","","2026-10-06T15:22:49.497Z"
"cmuwtvckb00dnujvowa2agbhu","cmushbzo4009wkx045c3ek3ul","ISHANT GIRDHAR","9034256588","0","SUCCESS","PAYMENT_EXEMPT","","","2026-10-06T15:22:49.307Z"
"cmuwtvcez00dlujvoheks5dla","cmushbwfw009jkx04bh4xh62w","Manav Kapoor","9810104053","0","SUCCESS","PAYMENT_EXEMPT","","","2026-10-06T15:22:49.115Z"
"cmuwtvc9q00djujvond4kb0q7","cmushbstg0096kx04dn2plxwd","pratik  kumar saluja","9879206505","0","SUCCESS","PAYMENT_EXEMPT","","","2026-10-06T15:22:48.926Z"
"cmuwtvc4g00dhujvo2wh55emz","cmushbqys008vkx04zxvrym63","Ashish Kumar Gaba","7082333233","0","SUCCESS","PAYMENT_EXEMPT","","","2026-10-06T15:22:48.737Z"
"cmuwtvbz500dfujvoecj7rqch","cmushboy0008ikx044tfy5sw0","Rohan vijjan","8668247131","0","SUCCESS","PAYMENT_EXEMPT","","","2026-10-06T15:22:48.546Z"
"cmuwtvbtw00ddujvo8pqb50yk","cmushbn3b0087kx049zihxa7z","Rahul Kheterpal","9255661880","0","SUCCESS","PAYMENT_EXEMPT","","","2026-10-06T15:22:48.356Z"
"cmuwtvbok00dbujvo14xafaz4","cmushbkwk007ukx047rwssv05","Manvi Sethi","9319034064","0","SUCCESS","PAYMENT_EXEMPT","","","2026-10-06T15:22:48.164Z"
"cmuwtvbj000d9ujvo0zyxi0zm","cmushbipk007hkx04x78e1rry","Varun Nagpal","9215700449","0","SUCCESS","PAYMENT_EXEMPT","","","2026-10-06T15:22:47.964Z"
"cmuwtvbdn00d7ujvo04u6sgx6","cmushbguw0076kx04slxigubx","Tarush bhugra","8168252324","0","SUCCESS","PAYMENT_EXEMPT","","","2026-10-06T15:22:47.771Z"
"cmuwtvb8400d5ujvozts20upv","cmutwegwx018cujsgf94y7yj8","Sanchit Kukreja","9810165423","0","SUCCESS","PAYMENT_EXEMPT","","","2026-10-06T15:22:47.572Z"
"cmuwtvb0j00d3ujvo96pqatl5","cmusgjr9m00mlld04qgqqvpju","Karanveer Singh","9810000140","0","SUCCESS","PAYMENT_EXEMPT","","","2026-10-06T15:22:47.299Z"
"cmuwtvasn00d1ujvoxzlhk5b0","cmusgjp9s00m8ld0496ysrn5m","Agam kapoor","9417970898","0","SUCCESS","PAYMENT_EXEMPT","","","2026-10-06T15:22:47.015Z"
"cmuwtvamx00czujvooqgrltlq","cmushbcsf006gkx04toldwgwn","Ashu toshDutta","9501708711","0","SUCCESS","PAYMENT_EXEMPT","","","2026-10-06T15:22:46.809Z"
"cmuwtvahi00cxujvos9035xgq","cmushbaro0063kx04q5elu8xd","Ajay Kaushal","9650998940","0","SUCCESS","PAYMENT_EXEMPT","","","2026-10-06T15:22:46.615Z"
"cmuwtvac700cvujvo9iyzygjt","cmush710n005qkx044i08d5zr","Hemank","7042324455","0","SUCCESS","PAYMENT_EXEMPT","","","2026-10-06T15:22:46.423Z"
"cmuwtva6d00ctujvowl1r2pug","cmush6yzx005dkx0403qwobce","M arora","9549774501","0","SUCCESS","PAYMENT_EXEMPT","","","2026-10-06T15:22:46.213Z"
"cmuwtva0x00crujvo6hwnog61","cmush6wsh0050kx04c9nr6g7r","Hitesh Dhingra","9255401471","0","SUCCESS","PAYMENT_EXEMPT","","","2026-10-06T15:22:46.017Z"
"cmuwtv9v600cpujvol2wlcfx8","cmush6ulp004nkx04d62bn9q8","RAJAN GERA","9887241646","0","SUCCESS","PAYMENT_EXEMPT","","","2026-10-06T15:22:45.810Z"
"cmuwtv9pu00cnujvovvvzexvw","cmush6sr2004ckx046crflfwx","Yatin khetrapal","8449938388","0","SUCCESS","PAYMENT_EXEMPT","","","2026-10-06T15:22:45.618Z"
"cmuwtv9kj00clujvoqzsp65sf","cmush6qqc003zkx04723jacdu","Samanyu Mehra","7827657230","0","SUCCESS","PAYMENT_EXEMPT","","","2026-10-06T15:22:45.427Z"
"cmuwtv9f300cjujvo730j3db2","cmush6hmt002mkx04o52zkagy","Khushbu arora","9978396250","0","SUCCESS","PAYMENT_EXEMPT","","","2026-10-06T15:22:45.231Z"
"cmuwtv99d00chujvo46mws7vs","cmush6luo003ckx044exhd8ii","Rajat Bali","7500230496","0","SUCCESS","PAYMENT_EXEMPT","","","2026-10-06T15:22:45.025Z"
"cmuwtv93z00cfujvoasu1obm6","cmush6jnj002zkx04oed2rf5x","Varun arora","7317587447","0","SUCCESS","PAYMENT_EXEMPT","","","2026-10-06T15:22:44.831Z"
"cmuwtv8yk00cdujvoq9548jrs","cmush6fm30029kx04bklcqsvp","Akshit Hans","9416216341","0","SUCCESS","PAYMENT_EXEMPT","","","2026-10-06T15:22:44.636Z"
"cmuwtv8sy00cbujvowx8y4kta","cmush6df5001wkx04tlxi5vq2","Priyanka","9988486336","0","SUCCESS","PAYMENT_EXEMPT","","","2026-10-06T15:22:44.435Z"
"cmuwtv8n100c9ujvo9lwhd98p","cmush64hn0011kx04hrmq64of","Rohit Kakkar","9997831322","0","SUCCESS","PAYMENT_EXEMPT","","","2026-10-06T15:22:44.222Z"
"cmuwtv8a300c7ujvom83nm5i4","cmush60g2000dkx04bg2dx55x","Devansh Khanna","9415005737","0","SUCCESS","PAYMENT_EXEMPT","","","2026-10-06T15:22:43.755Z"
"cmuwtv82m00c5ujvo7dakqt78","cmush62gv000qkx04p6k4zavo","Rahil Sindhwani","9996401233","0","SUCCESS","PAYMENT_EXEMPT","","","2026-10-06T15:22:43.486Z"
"cmuwtv7x300c3ujvoqumcpm0e","cmusgjj2900l5ld04k9vy6nq6","Suruchi suneja","8869892890","0","SUCCESS","PAYMENT_EXEMPT","","","2026-10-06T15:22:43.287Z"
"cmuwtv7rj00c1ujvotkph74vt","cmusgiwlv00hhld04c4hm0unz","Manisha Chandna","9582716650","0","SUCCESS","PAYMENT_EXEMPT","","","2026-10-06T15:22:43.088Z"
"cmuwtv7m600bzujvovlpt9fij","cmusgje8p00kkld04df2vm0kj","Yatin Chawla","9034087900","0","SUCCESS","PAYMENT_EXEMPT","","","2026-10-06T15:22:42.894Z"
"cmuwtv7gg00bxujvo6y5m7v6s","cmusgjc8u00k7ld04fny3z0ms","Vishal ohri","8586869079","0","SUCCESS","PAYMENT_EXEMPT","","","2026-10-06T15:22:42.688Z"
"cmuwtv6r800bvujvocmx24x9x","cmusgja9300juld045c0120ug","Harsh dhamija","9896143685","0","SUCCESS","PAYMENT_EXEMPT","","","2026-10-06T15:22:41.780Z"
"cmuwtv6lk00btujvo9xhm56pc","cmusgj8fa00jjld04ti090bkg","VIBHUTI SHARMA","9818280760","0","SUCCESS","PAYMENT_EXEMPT","","","2026-10-06T15:22:41.576Z"
"cmuwtv6co00brujvozwmtlh7f","cmusgj6lf00j8ld04e3mqfst1","NAVAL MENDIRATTA","9897355329","0","SUCCESS","PAYMENT_EXEMPT","","","2026-10-06T15:22:41.256Z"
"cmuwtv67000bpujvo8o67510y","cmusgj4ll00ivld04v49hjrce","Vibhore arora","9873081997","0","SUCCESS","PAYMENT_EXEMPT","","","2026-10-06T15:22:41.052Z"
"cmuwtv61d00bnujvozjki8ler","cmusgj2ls00ikld04bfs568id","Vinay arora","9999185034","0","SUCCESS","PAYMENT_EXEMPT","","","2026-10-06T15:22:40.850Z"
"cmuwtv5w600blujvofc24wdny","cmusgj0ly00i7ld0458n2ysba","AKSHIT BATRA","9211365540","0","SUCCESS","PAYMENT_EXEMPT","","","2026-10-06T15:22:40.662Z"
"cmuwtv5qu00bjujvob8sep7sg","cmusgiylt00huld04vdudkedg","Shivam Narang","8630421389","0","SUCCESS","PAYMENT_EXEMPT","","","2026-10-06T15:22:40.471Z"
"cmuwtv5ld00bhujvo36ojxl0t","cmusgiulx00h4ld04hgqfskln","Karan Ranjan","9582206344","0","SUCCESS","PAYMENT_EXEMPT","","","2026-10-06T15:22:40.273Z"
"cmuwtv5fz00bfujvoqpw8e1j7","cmusgiss200gtld04y7yuwum1","Ankita khetrapal","8952917889","0","SUCCESS","PAYMENT_EXEMPT","","","2026-10-06T15:22:40.080Z"
"cmuwtv5aq00bdujvolmnna3zm","cmusgiqm900ggld042ug4nzx0","Laveena Lamba","9413904752","0","SUCCESS","PAYMENT_EXEMPT","","","2026-10-06T15:22:39.891Z"
"cmuwtv55a00bbujvosp4qieqj","cmusgiomc00g3ld048f3xltgt","Laxmi","9407708772","0","SUCCESS","PAYMENT_EXEMPT","","","2026-10-06T15:22:39.695Z"
"cmuwtv4zs00b9ujvoyobuhejw","cmusgimmh00fqld04mxx4lm44","Sumit Bajaj","9368839808","0","SUCCESS","PAYMENT_EXEMPT","","","2026-10-06T15:22:39.497Z"
"cmuwtv4uh00b7ujvozb4bx0kw","cmusgijkc00fdld04lwdbaeul","Rishabh dhawan","9467118242","0","SUCCESS","PAYMENT_EXEMPT","","","2026-10-06T15:22:39.305Z"
"cmuwtv4p400b5ujvo3cu6x560","cmusgihki00f0ld04gpqdug1m","Pawan kumar","9416344550","0","SUCCESS","PAYMENT_EXEMPT","","","2026-10-06T15:22:39.112Z"
"cmuwtv4ju00b3ujvo0n0pfn8b","cmusgholp00a7ld04xfnkondg","Yash Lakhwara","9893166041","0","SUCCESS","PAYMENT_EXEMPT","","","2026-10-06T15:22:38.922Z"
"cmuwtv4ei00b1ujvobjvgs4nc","cmusgibe900dxld04ebo9bvxk","Parul Anand","9417429633","0","SUCCESS","PAYMENT_EXEMPT","","","2026-10-06T15:22:38.730Z"
"cmuwtv49700azujvolbeuokwd","cmusgi9ee00dkld04zggvej4p","Ketan Kalra","9971715660","0","SUCCESS","PAYMENT_EXEMPT","","","2026-10-06T15:22:38.539Z"
"cmuwtv43u00axujvokngx1fjv","cmutwegad017zujsgrb5cj1a8","RADHIKA BHATIA","9013625902","0","SUCCESS","PAYMENT_EXEMPT","","","2026-10-06T15:22:38.346Z"
"cmuwtv3yc00avujvocxc32qp6","cmusgi5eq00culd044ned2awh","Chahak Malik","9930986229","0","SUCCESS","PAYMENT_EXEMPT","","","2026-10-06T15:22:38.148Z"
"cmuwtv3sz00atujvo2zmq9ent","cmusgi3ex00chld04zhhc0fgd","Yogesh kumar butta","9416302076","0","SUCCESS","PAYMENT_EXEMPT","","","2026-10-06T15:22:37.955Z"
"cmuwtv3n100arujvozdgxi8zh","cmusgi19400c4ld042bi2lfdl","Rohan Pathak","9501744006","0","SUCCESS","PAYMENT_EXEMPT","","","2026-10-06T15:22:37.741Z"
"cmuwtv3gw00apujvoqqpq7u5l","cmusghz9a00brld04297x3ey4","Kamal arora","9253649894","0","SUCCESS","PAYMENT_EXEMPT","","","2026-10-06T15:22:37.520Z"
"cmuwtv3bb00anujvozn30cilb","cmusghxfg00bgld0462v8i77n","Sanchay","9992279916","0","SUCCESS","PAYMENT_EXEMPT","","","2026-10-06T15:22:37.319Z"
"cmuwtv36000alujvoicpczen2","cmusghslh00avld04btoqm577","Ekansh Jhamb","9416304075","0","SUCCESS","PAYMENT_EXEMPT","","","2026-10-06T15:22:37.129Z"
"cmuwtv30q00ajujvo98ptur7x","cmusghqll00aild04j7d1ik89","Komal","9897214613","0","SUCCESS","PAYMENT_EXEMPT","","","2026-10-06T15:22:36.938Z"
"cmuwtv2vf00ahujvo7ax41dmm","cmusghmlw009uld04j3gvlvn4","RAVI PAHWA","9992695223","0","SUCCESS","PAYMENT_EXEMPT","","","2026-10-06T15:22:36.747Z"
"cmuwtv2py00afujvotm8tu3e4","cmusghkm1009hld04hihrtwif","Vipul Arora","8905185589","0","SUCCESS","PAYMENT_EXEMPT","","","2026-10-06T15:22:36.550Z"
"cmuwtv2kn00adujvofd02fg4w","cmusghis60096ld04l9zkov72","Ashish Ranjan Walia","9417119751","0","SUCCESS","PAYMENT_EXEMPT","","","2026-10-06T15:22:36.359Z"
"cmuwtv2f600abujvospemupb4","cmusghgrz008tld04holz2u4m","Harshit Bhola","7355973648","0","SUCCESS","PAYMENT_EXEMPT","","","2026-10-06T15:22:36.162Z"
"cmuwtv29l00a9ujvogm1gpltx","cmusghey4008ild04y7givibh","Amol Nagpal","9896223221","0","SUCCESS","PAYMENT_EXEMPT","","","2026-10-06T15:22:35.961Z"
"cmuwtv24400a7ujvo1zowj9n4","cmusghcqd0085ld0427pyiwer","Abhishek Sharma","8860808937","0","SUCCESS","PAYMENT_EXEMPT","","","2026-10-06T15:22:35.764Z"
"cmuwtv1ys00a5ujvo9l50cq7c","cmusgh9og007sld04jnj8mx9l","Komal Arora","8076990797","0","SUCCESS","PAYMENT_EXEMPT","","","2026-10-06T15:22:35.573Z"
"cmuwtv1te00a3ujvo07dp7u7v","cmusgh3uv006rld04y5bpiq8l","Virender Bansal","9888921636","0","SUCCESS","PAYMENT_EXEMPT","","","2026-10-06T15:22:35.378Z"
"cmuwtv1ny00a1ujvoczz7qbt1","cmutweflj017mujsgm5eyw348","AISHWARYA","9416855155","0","SUCCESS","PAYMENT_EXEMPT","","","2026-10-06T15:22:35.182Z"
"cmuwtv1ij009zujvo3tjydlfx","cmusggzv70063ld04cjauhg0g","Nitin Mittal","8572019239","0","SUCCESS","PAYMENT_EXEMPT","","","2026-10-06T15:22:34.987Z"
"cmuwtv1d7009xujvo918cp6zx","cmusggxsf005qld0439vagcjd","Nitin Bharti","9971776995","0","SUCCESS","PAYMENT_EXEMPT","","","2026-10-06T15:22:34.795Z"
"cmuwtv17t009vujvornzfrsfy","cmusggvsl005dld04tyc1cvip","Rishabh Katyal","9718787956","0","SUCCESS","PAYMENT_EXEMPT","","","2026-10-06T15:22:34.602Z"
"cmuwtv12l009tujvocbed6j4l","cmusggtyk0052ld043vzcekcq","Himanshu arora","9897461173","0","SUCCESS","PAYMENT_EXEMPT","","","2026-10-06T15:22:34.413Z"
"cmuwtv0x6009rujvo4urc1ilr","cmusggryk004pld047si5sa0f","VANDITA KAKKAR","9717533866","0","SUCCESS","PAYMENT_EXEMPT","","","2026-10-06T15:22:34.218Z"
"cmuwtv0rs009pujvofmxkihpq","cmusjdnrg02m4l4049w2uvsy7","Sandeep sukheja","6367164800","0","SUCCESS","PAYMENT_EXEMPT","","","2026-10-06T15:22:34.024Z"
"cmuwtv0ly009nujvog0xyya2i","cmusggpyf004cld04pn8mw2nk","Reetu","7404151089","0","SUCCESS","PAYMENT_EXEMPT","","","2026-10-06T15:22:33.814Z"
"cmuwtv0ge009lujvofm2x9zch","cmusggjn0003pld04jzc5stgl","Nishant Grover","9354740227","0","SUCCESS","PAYMENT_EXEMPT","","","2026-10-06T15:22:33.614Z"
"cmuwtv0am009jujvokudfec0l","cmusgghn5003cld04dv3xefx6","Rajiv","7056481176","0","SUCCESS","PAYMENT_EXEMPT","","","2026-10-06T15:22:33.406Z"
"cmuwtv055009hujvo6v5ucyf6","cmusggfta0031ld04qcf972ac","Tarun Gera","9729191478","0","SUCCESS","PAYMENT_EXEMPT","","","2026-10-06T15:22:33.210Z"
"cmuwtuzzw009fujvowgas83v6","cmusggdng002old04jh4h8yxv","Garima arora","7300880835","0","SUCCESS","PAYMENT_EXEMPT","","","2026-10-06T15:22:33.020Z"
"cmuwtuzuk009dujvos0479ie7","cmusggbhm002bld04axgvuy3d","Atul taneja","9990262555","0","SUCCESS","PAYMENT_EXEMPT","","","2026-10-06T15:22:32.828Z"
"cmuwtuzp3009bujvo64deyxx0","cmusgg9hs0020ld04qy0969r2","Mohit Handa","8839015740","0","SUCCESS","PAYMENT_EXEMPT","","","2026-10-06T15:22:32.632Z"
"cmuwtuzjr0099ujvox8sa3560","cmusgg7h6001nld04qifvf4yl","Gaurav Chopra","8171060001","0","SUCCESS","PAYMENT_EXEMPT","","","2026-10-06T15:22:32.439Z"
"cmuwtuzed0097ujvouwedwvt7","cmusgg5ha001ald04jgrcymy0","PARAS GUJRAL","9810732929","0","SUCCESS","PAYMENT_EXEMPT","","","2026-10-06T15:22:32.246Z"
"cmuwtuz900095ujvoqsq1ph5l","cmusgg2bs000xld04xld7fjl9","YASH KAPUR","9810035488","0","SUCCESS","PAYMENT_EXEMPT","","","2026-10-06T15:22:32.052Z"
"cmuwtuz3q0093ujvo7wchyq9z","cmutweewx0179ujsg4gekj8bc","Bharat Bhushan","9996539926","0","SUCCESS","PAYMENT_EXEMPT","","","2026-10-06T15:22:31.862Z"
"cmuwtuyy90091ujvo160vh0zo","cmutweeaw016wujsgvd2taef6","Lakshay Malhotra","8569989839","0","SUCCESS","PAYMENT_EXEMPT","","","2026-10-06T15:22:31.666Z"
"cmuwtuyt0008zujvogccmylpa","cmutwedrb016lujsghw357ctz","Gautam Vasuja","9255141430","0","SUCCESS","PAYMENT_EXEMPT","","","2026-10-06T15:22:31.476Z"
"cmuwtuyna008xujvozqtd51fj","cmutwed550168ujsg7d6p24zv","DHRUV SAREEN","9425765865","0","SUCCESS","PAYMENT_EXEMPT","","","2026-10-06T15:22:31.270Z"
"cmuwtuyi1008vujvor8fzhpfh","cmutwecll015xujsgw24uaa4o","Gaurav Malhotra","8433158673","0","SUCCESS","PAYMENT_EXEMPT","","","2026-10-06T15:22:31.081Z"
"cmuwtuycp008tujvoqdkcvq7i","cmutwebdj0157ujsg0us20m1y","SMARTH KALRA","9575175026","0","SUCCESS","PAYMENT_EXEMPT","","","2026-10-06T15:22:30.889Z"
"cmuwtuy7g008rujvoah3b2sjr","cmutwearj014uujsgc3mp88mc","Radhika bhatia","8053007913","0","SUCCESS","PAYMENT_EXEMPT","","","2026-10-06T15:22:30.700Z"
"cmuwtuy23008pujvo475gglr5","cmutwe9z0014fujsgt71nhivk","Dheeraj Kumar","9868131444","0","SUCCESS","PAYMENT_EXEMPT","","","2026-10-06T15:22:30.507Z"
"cmuwtuxws008nujvozoggqqp8","cmutwe95y0142ujsgb14mo0v9","Tushar Gulati","9810583984","0","SUCCESS","PAYMENT_EXEMPT","","","2026-10-06T15:22:30.316Z"
"cmuwtuxre008lujvo1d6yzsv5","cmutwe8jn013pujsgupg40y9g","Sudhakshi kinger","9958540090","0","SUCCESS","PAYMENT_EXEMPT","","","2026-10-06T15:22:30.122Z"
"cmuwtuxlz008jujvouigl50e7","cmutwdzz300yrujsgji0ia1p1","Nitin soni","8449775211","0","SUCCESS","PAYMENT_EXEMPT","","","2026-10-06T15:22:29.927Z"
"cmuwtuxgl008hujvoy5twubs8","cmutwdzd300yeujsg2nynrnhd","Sona Dhuria","9999231961","0","SUCCESS","PAYMENT_EXEMPT","","","2026-10-06T15:22:29.733Z"
"cmuwtuxb7008fujvoj7ieqoyd","cmutwdyr100y1ujsgxnv43auy","Ketan Sethi","9416666594","0","SUCCESS","PAYMENT_EXEMPT","","","2026-10-06T15:22:29.539Z"
"cmuwtux5t008dujvo7zp1aqq1","cmutwdy7d00xqujsgpfj5bcwg","Shubham Raheja","9729438096","0","SUCCESS","PAYMENT_EXEMPT","","","2026-10-06T15:22:29.345Z"
"cmuwtux0g008bujvopzwf5w3d","cmutwdxla00xdujsgdrtwcnan","Shivam Arora","9548553135","0","SUCCESS","PAYMENT_EXEMPT","","","2026-10-06T15:22:29.152Z"
"cmuwtuwud0089ujvon4n3xeza","cmutwdwtm00wwujsg48ml5xkh","Sunil sardana","9999007917","0","SUCCESS","PAYMENT_EXEMPT","","","2026-10-06T15:22:28.933Z"
"cmuwtuwoo0087ujvowppt3or2","cmutwdw7e00wjujsgkcmf4ns1","ANKIT DHINGRA","9377464755","0","SUCCESS","PAYMENT_EXEMPT","","","2026-10-06T15:22:28.728Z"
"cmuwtuwjb0085ujvopplw3h72","cmutwdvl400w6ujsgjjo59qqk","Yuvraj Khurana","9810115434","0","SUCCESS","PAYMENT_EXEMPT","","","2026-10-06T15:22:28.535Z"
"cmuwtuwe10083ujvo7hhmyqup","cmutwduzb00vtujsgohpx5eco","Vadi ranjan","9416401239","0","SUCCESS","PAYMENT_EXEMPT","","","2026-10-06T15:22:28.345Z"
"cmuwtuw8l0081ujvo4x3ye1pl","cmutwduap00vgujsghirsnn2b","Rajan Bhatia","8951361500","0","SUCCESS","PAYMENT_EXEMPT","","","2026-10-06T15:22:28.149Z"
"cmuwtuw39007zujvo4va9uuhf","cmutwdtr100v5ujsgw3quzwzf","Ansh Bansal","7307203265","0","SUCCESS","PAYMENT_EXEMPT","","","2026-10-06T15:22:27.957Z"
"cmuwtuvxw007xujvou1gjvh3e","cmutwdt7l00uuujsgs764v6h1","Karan Chopra","7417999500","0","SUCCESS","PAYMENT_EXEMPT","","","2026-10-06T15:22:27.765Z"
"cmuwtuvsl007vujvosn4e2rz4","cmutwdsll00uhujsgpih5ybna","Dinesh jhamb","7665995361","0","SUCCESS","PAYMENT_EXEMPT","","","2026-10-06T15:22:27.573Z"
"cmuwtuvmt007tujvo3dbhlx8b","cmutwdrz300u4ujsg5hmjk901","Sachin Gandhi","8059226667","0","SUCCESS","PAYMENT_EXEMPT","","","2026-10-06T15:22:27.365Z"
"cmuwtuvgs007rujvocdpvg7vk","cmutwdr6100trujsgxdlimmhu","Amita","9896628109","0","SUCCESS","PAYMENT_EXEMPT","","","2026-10-06T15:22:27.053Z"
"cmuwtuv8t007pujvocjspyz65","cmushh3gm00cmkx04hzo56byo","Mansi","9540303023","0","SUCCESS","PAYMENT_EXEMPT","","","2026-10-06T15:22:26.861Z"
"cmuwtuv3j007nujvo7y3j29nt","cmutwdqeo00taujsgick6oc0w","MUKESH (SHANKEY) MUNJAL","8929248213","0","SUCCESS","PAYMENT_EXEMPT","","","2026-10-06T15:22:26.671Z"
"cmuwtuuy9007lujvo54rtxxo0","cmutwdpsf00sxujsg0qwf9xmw","Tanvi Nayyar (TYPE I DIABETIC)","9810719858","0","SUCCESS","PAYMENT_EXEMPT","","","2026-10-06T15:22:26.481Z"
"cmuwtuut0007jujvo6mgwetye","cmutwdp6g00skujsgb07kbhbo","Puneet Nagpal","7206640132","0","SUCCESS","PAYMENT_EXEMPT","","","2026-10-06T15:22:26.292Z"
"cmuwtuunp007hujvou66vf6c5","cmutwdof700s3ujsgsdsc57ti","Rajesh Kumar vig","7891482798","0","SUCCESS","PAYMENT_EXEMPT","","","2026-10-06T15:22:26.102Z"
"cmuwtuui7007fujvo4k8krf8d","cmutwdntd00rqujsg3yafwpyh","Jai Dang","8708001669","0","SUCCESS","PAYMENT_EXEMPT","","","2026-10-06T15:22:25.903Z"
"cmuwtuucv007dujvoq3ikgo3i","cmutwdn4l00rbujsgvil220vr","Hitesh chhabria","7757989844","0","SUCCESS","PAYMENT_EXEMPT","","","2026-10-06T15:22:25.711Z"
"cmuwtuu7c007bujvow9rjejt2","cmutwdmfu00qwujsg7yoy9ars","Puneet Raj Chandiok","9415546762","0","SUCCESS","PAYMENT_EXEMPT","","","2026-10-06T15:22:25.513Z"
"cmuwtuu230079ujvorwo9bkna","cmutwdltj00qjujsgfshqby9z","Ashìsh  Arora","8826123981","0","SUCCESS","PAYMENT_EXEMPT","","","2026-10-06T15:22:25.324Z"
"cmuwtutwr0077ujvoddygnerp","cmutwdl7a00q6ujsgayqrg3i8","Aman arora","9210262931","0","SUCCESS","PAYMENT_EXEMPT","","","2026-10-06T15:22:25.131Z"
"cmuwtutrg0075ujvodbpg22jx","cmutwdkkx00ptujsgq98mizoe","AJAY Arora","6376579105","0","SUCCESS","PAYMENT_EXEMPT","","","2026-10-06T15:22:24.941Z"
"cmuwtutm50073ujvo1j2x5685","cmutwdjxx00pgujsgssg5oltn","MOHAK BATRA","8058857712","0","SUCCESS","PAYMENT_EXEMPT","","","2026-10-06T15:22:24.749Z"
"cmuwtutg70071ujvomoy3bayn","cmutwdjc400p5ujsgzp5tekwr","Ishank Verma","9319510586","0","SUCCESS","PAYMENT_EXEMPT","","","2026-10-06T15:22:24.536Z"
"cmuwtutas006zujvo3rncargy","cmutwdi6c00orujsg1sojbxcp","Abhishek Kumar","8950203222","0","SUCCESS","PAYMENT_EXEMPT","","","2026-10-06T15:22:24.340Z"
"cmuwtut5j006xujvomr5g8yeh","cmutwdhme00ogujsgwhb8swdb","Nishant Khurana","8168751491","0","SUCCESS","PAYMENT_EXEMPT","","","2026-10-06T15:22:24.151Z"
"cmuwtut08006vujvotufnkyn0","cmusily2f014vl404zxqg5h8v","Nitesh","9416397927","0","SUCCESS","PAYMENT_EXEMPT","","","2026-10-06T15:22:23.960Z"
"cmuwtusuy006tujvo863i96f5","cmutwdh0700o3ujsglew1axjp","Mohit Ahuja","9313195858","0","SUCCESS","PAYMENT_EXEMPT","","","2026-10-06T15:22:23.770Z"
"cmuwtuspq006rujvow7qy3e8n","cmutwdgdx00nqujsgnuk41bpo","Yogesh Sachdeva","9711922340","0","SUCCESS","PAYMENT_EXEMPT","","","2026-10-06T15:22:23.583Z"
"cmuwtuskh006pujvorch6jyls","cmutwdfra00ndujsgnh9uqyhe","Sandeep Kumar","8708388733","0","SUCCESS","PAYMENT_EXEMPT","","","2026-10-06T15:22:23.393Z"
"cmuwtuset006nujvoc9qgiua5","cmutwdf4g00n0ujsghpc3u263","Yogesh kumar Ahuja","7006368952","0","SUCCESS","PAYMENT_EXEMPT","","","2026-10-06T15:22:23.189Z"
"cmuwtus8u006lujvoc00faje1","cmutwdeia00mnujsg555syeye","Sanjay Harni","7015406068","0","SUCCESS","PAYMENT_EXEMPT","","","2026-10-06T15:22:22.975Z"
"cmuwtus0p006jujvols84stf4","cmutwddtv00m8ujsg5671grna","Harvinder Singh","8059389030","0","SUCCESS","PAYMENT_EXEMPT","","","2026-10-06T15:22:22.682Z"
"cmuwturuo006hujvoo542fwd2","cmutwdd7900lvujsg21g0d4dr","Kushal Aneja","9871393565","0","SUCCESS","PAYMENT_EXEMPT","","","2026-10-06T15:22:22.464Z"
"cmuwturp9006fujvo3o7vwjvs","cmutwdcl200liujsgc2g78shc","Lakshya Ahluwalia","7023710953","0","SUCCESS","PAYMENT_EXEMPT","","","2026-10-06T15:22:22.269Z"
"cmuwturjm006dujvoz0r91snd","cmutwdc1d00l7ujsga3d6inbp","Rahul mayar","9161023570","0","SUCCESS","PAYMENT_EXEMPT","","","2026-10-06T15:22:22.066Z"
"cmuwturdn006bujvo6wnvvr5f","cmutwdbf500kuujsgvi9w9stc","Mukul Kumar","9466629668","0","SUCCESS","PAYMENT_EXEMPT","","","2026-10-06T15:22:21.851Z"
"cmuwtur8e0069ujvo2aru3e1c","cmutwdat100khujsgfvawihs9","Shivam Kapoor","9870634528","0","SUCCESS","PAYMENT_EXEMPT","","","2026-10-06T15:22:21.662Z"
"cmuwtur330067ujvo7207tysl","cmutwda9g00k6ujsgcwz47f18","KAJAL KUKREJA","9650057451","0","SUCCESS","PAYMENT_EXEMPT","","","2026-10-06T15:22:21.471Z"
"cmuwtuqxs0065ujvo5mt0qgsm","cmutwd9n500jtujsg2i5oe8jp","Gaurav","7068533333","0","SUCCESS","PAYMENT_EXEMPT","","","2026-10-06T15:22:21.280Z"
"cmuwtuqsk0063ujvo141gc705","cmutwd91500jgujsgkuforrr2","Ujwal Suri","8929030294","0","SUCCESS","PAYMENT_EXEMPT","","","2026-10-06T15:22:21.093Z"
"cmuwtuqn90061ujvoexfd6upn","cmutwd8f200j3ujsg4mmeum7t","Jagmohan  Datta","8307885583","0","SUCCESS","PAYMENT_EXEMPT","","","2026-10-06T15:22:20.902Z"
"cmuwtuqhx005zujvo8z5cfata","cmutwd7vb00isujsg9dtkpzr0","Rakshit Bhalla","9815556006","0","SUCCESS","PAYMENT_EXEMPT","","","2026-10-06T15:22:20.709Z"
"cmuwtuqcg005xujvondpcls0r","cmutwd78v00ifujsg3jrmssqx","Harsh Bhasin","9953297299","0","SUCCESS","PAYMENT_EXEMPT","","","2026-10-06T15:22:20.512Z"
"cmuwtuq74005vujvoope5xlnb","cmutwd4k400hpujsgze1qpwdd","Pankaj Dhingra","8588996237","0","SUCCESS","PAYMENT_EXEMPT","","","2026-10-06T15:22:20.320Z"
"cmuwtuq1o005tujvoaq1u1hpf","cmutwd3y800hcujsgazhel3zy","ROHIT THAKKAR","8010509726","0","SUCCESS","PAYMENT_EXEMPT","","","2026-10-06T15:22:20.125Z"
"cmuwtupwd005rujvo6jbx3y4j","cmutwd39b00gxujsglexr2ecs","Rohit Gilhotra","7419002036","0","SUCCESS","PAYMENT_EXEMPT","","","2026-10-06T15:22:19.933Z"
"cmuwtupr3005pujvovtfipcct","cmutwd2kq00giujsg4bsw02fu","Disha Verma","9315786554","0","SUCCESS","PAYMENT_EXEMPT","","","2026-10-06T15:22:19.743Z"
"cmuwtupls005nujvoai5f6b2o","cmutwd1y800g5ujsgobu5gtvw","Shikhar bhalla","9140375876","0","SUCCESS","PAYMENT_EXEMPT","","","2026-10-06T15:22:19.552Z"
"cmuwtupgh005lujvo25yeyesl","cmutwd19400fqujsgryezraoo","Siddharth Chona","9319821062","0","SUCCESS","PAYMENT_EXEMPT","","","2026-10-06T15:22:19.362Z"
"cmuwtupau005jujvod0nu0ofp","cmutwd0fz00fbujsgugj1398t","Prince arora","7906944930","0","SUCCESS","PAYMENT_EXEMPT","","","2026-10-06T15:22:19.157Z"
"cmuwtup54005hujvowa0013ni","cmutwczm600exujsguw3ud6yz","Parikshat kumar","9464734126","0","SUCCESS","PAYMENT_EXEMPT","","","2026-10-06T15:22:18.952Z"
"cmuwtuoye005fujvopw1nx7gq","cmutwcyxg00eiujsguld82egh","Aneesh bhagat","9340170284","0","SUCCESS","PAYMENT_EXEMPT","","","2026-10-06T15:22:18.710Z"
"cmuwtuot3005dujvoxsde0xde","cmutwcybl00e5ujsgxsmfc149","Tarun Tandon","8950835287","0","SUCCESS","PAYMENT_EXEMPT","","","2026-10-06T15:22:18.519Z"
"cmuwtuont005bujvo64inp46s","cmutwcxpn00dsujsgh2mu2j6m","Mayank bhamotra","9213587620","0","SUCCESS","PAYMENT_EXEMPT","","","2026-10-06T15:22:18.329Z"
"cmuwtuoig0059ujvowbmch96f","cmutwcx1300ddujsgzb2k0d57","Pranav Arora","9910998909","0","SUCCESS","PAYMENT_EXEMPT","","","2026-10-06T15:22:18.136Z"
"cmuwtuod30057ujvo9oaihlby","cmutwcweu00d0ujsg6nnrujoo","Bhavna Batra","7830258434","0","SUCCESS","PAYMENT_EXEMPT","","","2026-10-06T15:22:17.944Z"
"cmuwtuo7s0055ujvo6p22hxch","cmutwcvsg00cnujsgky9xbuqe","LOKESH KUMAR AHUJA","9896566679","0","SUCCESS","PAYMENT_EXEMPT","","","2026-10-06T15:22:17.752Z"
"cmuwtuo2h0053ujvom5796syh","cmutwcv6e00caujsg1ups20sb","Tarun Nangru","9996739239","0","SUCCESS","PAYMENT_EXEMPT","","","2026-10-06T15:22:17.561Z"
"cmuwtunx50051ujvo63lnsnhq","cmutwcuk900bxujsgmss03hvy","Tanya Kapoor","9871253000","0","SUCCESS","PAYMENT_EXEMPT","","","2026-10-06T15:22:17.370Z"
"cmuwtunri004zujvoxc5tpnfi","cmutwcttf00biujsg3l8doilo","Deepak Vij","9212625815","0","SUCCESS","PAYMENT_EXEMPT","","","2026-10-06T15:22:17.167Z"
"cmuwtunm8004xujvolvm2du5s","cmutwct9r00b7ujsg0jfdfpek","KRATIK SEHGAL","9303707466","0","SUCCESS","PAYMENT_EXEMPT","","","2026-10-06T15:22:16.976Z"
"cmuwtungw004vujvom15ugzsj","cmutwcsn900auujsgemzpek1u","Bharat gera","9416882380","0","SUCCESS","PAYMENT_EXEMPT","","","2026-10-06T15:22:16.785Z"
"cmuwtunbn004tujvosnuvhyvp","cmutwcrwh00ahujsgetjl6xme","Mohit sehgal","9412200024","0","SUCCESS","PAYMENT_EXEMPT","","","2026-10-06T15:22:16.595Z"
"cmuwtun66004rujvoggej4r1w","cmutwcra800a4ujsg8i36rwzi","Paras aggarwal","9948073267","0","SUCCESS","PAYMENT_EXEMPT","","","2026-10-06T15:22:16.398Z"
"cmuwtun0q004pujvowiti83h5","cmutwcqln009pujsga2rbikyc","Gaurav chopra","9417189810","0","SUCCESS","PAYMENT_EXEMPT","","","2026-10-06T15:22:16.202Z"
"cmuwtumvf004nujvobj909alg","cmutwcq1a009eujsgk2rfg50b","Sorabh Bansal","9310037977","0","SUCCESS","PAYMENT_EXEMPT","","","2026-10-06T15:22:16.012Z"
"cmuwtumq4004lujvo6bzhw94k","cmush5x7u0000kx04oh51jl5e","Raghav Khurana","9555584148","0","SUCCESS","PAYMENT_EXEMPT","","","2026-10-06T15:22:15.821Z"
"cmuwtumks004jujvoeofjyset","cmutwcpe70091ujsgyk6atbus","Kunal Sardana","9416754820","0","SUCCESS","PAYMENT_EXEMPT","","","2026-10-06T15:22:15.628Z"
"cmuwtumfj004hujvoadhtwnuq","cmutwcojy008nujsgfz7j6vtc","Varun Chopra","9988372664","0","SUCCESS","PAYMENT_EXEMPT","","","2026-10-06T15:22:15.439Z"
"cmuwtuma5004fujvo2zzd5dja","cmutwcnxs008aujsglm9zqwiz","M Chawla","9560719945","0","SUCCESS","PAYMENT_EXEMPT","","","2026-10-06T15:22:15.246Z"
"cmuwtum4l004dujvo01ojyjfb","cmusikdmj012il404h3wxvavu","Rohinish Munjal","9461933047","0","SUCCESS","PAYMENT_EXEMPT","","","2026-10-06T15:22:15.045Z"
"cmuwtulyz004bujvoyf4m6z5k","cmusikbh40125l404csfv6hw8","Puneet Bhayana","9911621303","0","SUCCESS","PAYMENT_EXEMPT","","","2026-10-06T15:22:14.843Z"
"cmuwtultl0049ujvojjlb7ovn","cmusik9hk011sl40427afdg28","Krishan Nagpal","9625965652","0","SUCCESS","PAYMENT_EXEMPT","","","2026-10-06T15:22:14.649Z"
"cmuwtulo80047ujvoe21pf00m","cmusik7i6011fl404sbg688gu","Harminder Singh","9026313600","0","SUCCESS","PAYMENT_EXEMPT","","","2026-10-06T15:22:14.456Z"
"cmuwtuliz0045ujvojhe97zch","cmusik5it0112l404dwvnuj84","Mayank Poply","9410470226","0","SUCCESS","PAYMENT_EXEMPT","","","2026-10-06T15:22:14.267Z"
"cmuwtuldg0043ujvo6u5m2928","cmusik3je010pl404nnqqa2nl","Vanya Taneja","9837727770","0","SUCCESS","PAYMENT_EXEMPT","","","2026-10-06T15:22:14.068Z"
"cmuwtul7r0041ujvofql2uexu","cmusik1k1010cl404ds0rrgly","Gaurav Dhingra","9729794818","0","SUCCESS","PAYMENT_EXEMPT","","","2026-10-06T15:22:13.864Z"
"cmuwtul1f003zujvoie2by0dr","cmusijzei00zzl404rzunu2wl","Mohit Mehta","7224800477","0","SUCCESS","PAYMENT_EXEMPT","","","2026-10-06T15:22:13.635Z"
"cmuwtukw5003xujvod35sdrw6","cmusijxf300zml4047iw49cm1","Himani kakkar","9838024888","0","SUCCESS","PAYMENT_EXEMPT","","","2026-10-06T15:22:13.445Z"
"cmuwtukqu003vujvont5du5x7","cmusijvef00z9l4044obaon8a","Omisha","9463735837","0","SUCCESS","PAYMENT_EXEMPT","","","2026-10-06T15:22:13.254Z"
"cmuwtujvn003tujvo2fbhcepm","cmusijtez00ywl404ejaeiiiw","Gaurav Sehdev","9818847537","0","SUCCESS","PAYMENT_EXEMPT","","","2026-10-06T15:22:12.131Z"
"cmuwtujn4003rujvog53ltol2","cmusijrfm00yjl404mu1nwnzi","Swati Chhabra","9213502668","0","SUCCESS","PAYMENT_EXEMPT","","","2026-10-06T15:22:11.824Z"
"cmuwtujgz003pujvoeubcb3u2","cmusijpab00y6l404zixqkf2l","Virender singh","9582537612","0","SUCCESS","PAYMENT_EXEMPT","","","2026-10-06T15:22:11.603Z"
"cmuwtujbm003nujvogb7sv2wy","cmusijn4z00xtl404rwu95h8o","Raghav","9416516096","0","SUCCESS","PAYMENT_EXEMPT","","","2026-10-06T15:22:11.410Z"
"cmuwtuj5u003lujvo3jgeqk9p","cmusijl5n00xil404k4ic3iwt","Vishal Bahl","9829347375","0","SUCCESS","PAYMENT_EXEMPT","","","2026-10-06T15:22:11.202Z"
"cmuwtuizo003jujvob1uqyezj","cmusijj6700x5l404c1odarzh","Dheeraj Khatri","9829523036","0","SUCCESS","PAYMENT_EXEMPT","","","2026-10-06T15:22:10.980Z"
"cmuwtuiud003hujvozd0kn2nk","cmusgifkp00enld04s2yh2n8a","Paras Bhutani","9467150008","0","SUCCESS","PAYMENT_EXEMPT","","","2026-10-06T15:22:10.789Z"
"cmuwtuip1003fujvoey5ylx6g","cmusijh6t00wsl40450qodq6d","Lavina Virmani","8527136067","0","SUCCESS","PAYMENT_EXEMPT","","","2026-10-06T15:22:10.597Z"
"cmuwtuijr003dujvoaiveh072","cmusije1w00wfl404inbuur3x","Vaibhav Sharma","9896636010","0","SUCCESS","PAYMENT_EXEMPT","","","2026-10-06T15:22:10.407Z"
"cmuwtuief003bujvo72ngrhfm","cmusigq1800w2l404rswbz6k6","Kanika Mendiratta","9958987951","0","SUCCESS","PAYMENT_EXEMPT","","","2026-10-06T15:22:10.215Z"
"cmuwtui970039ujvogm4a5f2y","cmusigo8b00vrl404hv11l7rg","Ankush Malik","9888430046","0","SUCCESS","PAYMENT_EXEMPT","","","2026-10-06T15:22:10.027Z"
"cmuwtui3q0037ujvo0l29oxo9","cmusigmfx00vgl4040jkrcp93","Manit Raheja","9412649331","0","SUCCESS","PAYMENT_EXEMPT","","","2026-10-06T15:22:09.830Z"
"cmuwtuhxf0035ujvohigrt7i3","cmusigkhn00v3l404pdyzyzgr","Himanshu Pruthi","9811637065","0","SUCCESS","PAYMENT_EXEMPT","","","2026-10-06T15:22:09.603Z"
"cmuwtuhrm0033ujvoul2j8t74","cmusigij900uql404zto6ytxk","Rahul Arora","9911202167","0","SUCCESS","PAYMENT_EXEMPT","","","2026-10-06T15:22:09.391Z"
"cmuwtuhma0031ujvoidz41lge","cmusiggl100udl4045z39dyz9","Simran kapoor","9839424434","0","SUCCESS","PAYMENT_EXEMPT","","","2026-10-06T15:22:09.202Z"
"cmuwtuhgz002zujvobc1eaw7t","cmusigeh000u0l404idicin1s","JYOTI. BAJAJ","9810125160","0","SUCCESS","PAYMENT_EXEMPT","","","2026-10-06T15:22:09.011Z"
"cmuwtuhbo002xujvox03l7n4q","cmusigcit00tnl404hgfpbfz2","Tarun Gaba","9811023786","0","SUCCESS","PAYMENT_EXEMPT","","","2026-10-06T15:22:08.821Z"
"cmuwtuh6g002vujvoe43tfup2","cmusigakn00tcl404u9acbk8k","Paras Arora","8566851041","0","SUCCESS","PAYMENT_EXEMPT","","","2026-10-06T15:22:08.632Z"
"cmuwtuh17002tujvoj5two5ix","cmusig8m800szl40410ua0cf7","Karan chachra","9425338850","0","SUCCESS","PAYMENT_EXEMPT","","","2026-10-06T15:22:08.443Z"
"cmuwtugvp002rujvoa777l0lo","cmusig6o100sml404f30hb203","Gobind kathuria","9813066991","0","SUCCESS","PAYMENT_EXEMPT","","","2026-10-06T15:22:08.245Z"
"cmuwtugqe002pujvozoscgqu0","cmusig4pu00s9l404ntb9774s","MUKUL GILHOTRA","9466209451","0","SUCCESS","PAYMENT_EXEMPT","","","2026-10-06T15:22:08.054Z"
"cmuwtugl2002nujvo2fk580vu","cmusig2kk00rwl404erui76wf","Akshay","9997979361","0","SUCCESS","PAYMENT_EXEMPT","","","2026-10-06T15:22:07.862Z"
"cmuwtugfu002lujvo1e6pv63v","cmusig0fd00rjl404hpurfz8k","Karan rajpal","9034353423","0","SUCCESS","PAYMENT_EXEMPT","","","2026-10-06T15:22:07.674Z"
"cmuwtugam002jujvoovr7bj2s","cmusifyh600r6l404s4ilq8l5","BHARAT BHUSHAN","9717823282","0","SUCCESS","PAYMENT_EXEMPT","","","2026-10-06T15:22:07.487Z"
"cmuwtug5c002hujvobmeomylp","cmusifwiv00qtl404g6pzftcn","Raman walia","8077761771","0","SUCCESS","PAYMENT_EXEMPT","","","2026-10-06T15:22:07.296Z"
"cmuwtug00002fujvotif2ofnj","cmusifukp00qgl4043hyvof6t","Tanuj Behl","9529692779","0","SUCCESS","PAYMENT_EXEMPT","","","2026-10-06T15:22:07.104Z"
"cmuwtufua002dujvow27eeyhz","cmutwcn5z007zujsgwyk7g7bb","Shivani","9356219137","0","SUCCESS","PAYMENT_EXEMPT","","","2026-10-06T15:22:06.898Z"
"cmuwtufoz002bujvotvkmvprp","cmutwcmh4007kujsgpvtr2wvp","Gaurav Bhatia","9759809232","0","SUCCESS","PAYMENT_EXEMPT","","","2026-10-06T15:22:06.707Z"
"cmuwtufjn0029ujvop0571zpf","cmutwclsr0075ujsg6al7i2ja","Ishaan Khanna","9416085772","0","SUCCESS","PAYMENT_EXEMPT","","","2026-10-06T15:22:06.515Z"
"cmuwtufec0027ujvo81qe68qt","cmutwcktv006qujsg8kdja1v0","Tushar kakkar (Canadian Citizen)","8295783300","0","SUCCESS","PAYMENT_EXEMPT","","","2026-10-06T15:22:06.324Z"
"cmuwtuf910025ujvohd3kndy0","cmutwck6v006dujsgprnnpg3m","Aashima Arora","9257356056","0","SUCCESS","PAYMENT_EXEMPT","","","2026-10-06T15:22:06.133Z"
"cmuwtuf3o0023ujvohpku043u","cmutwcjlu0062ujsg0qnhsfa2","SHUBHAM JAIN","9217926833","0","SUCCESS","PAYMENT_EXEMPT","","","2026-10-06T15:22:05.940Z"
"cmuwtuey40021ujvo4lzv620r","cmutwciwd005pujsg8gn00rnx","Sonaksh sayal (my son)","9342573955","0","SUCCESS","PAYMENT_EXEMPT","","","2026-10-06T15:22:05.741Z"
"cmuwtuesp001zujvoxggdbwx5","cmutwci7q005cujsgmuo97t8c","Ramesh Mahindru","8683024581","0","SUCCESS","PAYMENT_EXEMPT","","","2026-10-06T15:22:05.545Z"
"cmuwtueng001xujvoikd4cuos","cmutwchlq004zujsgsuwz7c9n","Arun MARWAH","8810225662","0","SUCCESS","PAYMENT_EXEMPT","","","2026-10-06T15:22:05.356Z"
"cmuwtuei5001vujvoxazakjto","cmutwcgzl004mujsggaysyik8","Rashul Chutani","9466295881","0","SUCCESS","PAYMENT_EXEMPT","","","2026-10-06T15:22:05.165Z"
"cmuwtuecp001tujvoakpiapcf","cmutwcgdi0049ujsgsbftrzrw","Gourav Hans","9729988001","0","SUCCESS","PAYMENT_EXEMPT","","","2026-10-06T15:22:04.969Z"
"cmuwtue79001rujvoal4h30q8","cmutwcfp6003uujsgf58krx7p","Vivek","9782505744","0","SUCCESS","PAYMENT_EXEMPT","","","2026-10-06T15:22:04.773Z"
"cmuwtue1h001pujvo793rsrde","cmutwcf0e003fujsgaz7qy1gs","Vishal Dawar","9716565111","0","SUCCESS","PAYMENT_EXEMPT","","","2026-10-06T15:22:04.565Z"
"cmuwtudvi001nujvod3cfu0wr","cmutwced40032ujsgvj6gr43q","Sunil dogra","9877989045","0","SUCCESS","PAYMENT_EXEMPT","","","2026-10-06T15:22:04.350Z"
"cmuwtudpc001lujvoo8176lez","cmutwcdqx002pujsggc456fq8","Amough Bhaskar","9650193654","0","SUCCESS","PAYMENT_EXEMPT","","","2026-10-06T15:22:04.129Z"
"cmuwtudjx001jujvo8rh8qpxt","cmutwccw2002bujsgvi7umydo","Sagar dureja","8950530056","0","SUCCESS","PAYMENT_EXEMPT","","","2026-10-06T15:22:03.933Z"
"cmuwtudeo001hujvopt07e73v","cmutwcc9c001yujsgleqpp2bd","Pureesh Jawa","9971935553","0","SUCCESS","PAYMENT_EXEMPT","","","2026-10-06T15:22:03.745Z"
"cmuwtud9f001fujvo1scuf6e2","cmutwcb0j001aujsgimd9p80x","Gunjan Sehgal","9888332027","0","SUCCESS","PAYMENT_EXEMPT","","","2026-10-06T15:22:03.555Z"
"cmuwtud41001dujvoc4ar4lrg","cmutwcafv000zujsgbdb0lwfq","Dr Esh kumar gulati","8824233195","0","SUCCESS","PAYMENT_EXEMPT","","","2026-10-06T15:22:03.361Z"
"cmuwtucyh001bujvol32he77f","cmutwc94u000bujsgpb4qj9jb","Chirag Dawar","9417001502","0","SUCCESS","PAYMENT_EXEMPT","","","2026-10-06T15:22:03.161Z"
"cmuwtuct20019ujvotk4570gp","cmusgfu9n000dld04y44y244l","Riddhima Sardana","9896170303","0","SUCCESS","PAYMENT_EXEMPT","","","2026-10-06T15:22:02.966Z"
"cmuwtucns0017ujvog03wr8dy","cmutwc16r002jujicqu4km68x","Mahima khurana","8950400017","0","SUCCESS","PAYMENT_EXEMPT","","","2026-10-06T15:22:02.776Z"
"cmuwtucig0015ujvot3lx8j2q","cmutwejt0019qujsguxzycv8l","Aditya Mehrotra","9990088016","0","SUCCESS","PAYMENT_EXEMPT","","","2026-10-06T15:22:02.585Z"
"cmuwtucd60013ujvo18xgopg8","cmutwe7xm013cujsg6wsg4s8a","Abhishek Bhatia","9312264322","0","SUCCESS","PAYMENT_EXEMPT","","","2026-10-06T15:22:02.394Z"
"cmuwtuc7p0011ujvoc36on03x","cmutwe7e20131ujsg6zdu1bwh","Akash kapoor","7983402642","0","SUCCESS","PAYMENT_EXEMPT","","","2026-10-06T15:22:02.197Z"
"cmuwtuc2f000zujvoomzobozp","cmushbet5006tkx04jzwp8ikt","Karan passi","9782482424","0","SUCCESS","PAYMENT_EXEMPT","","","2026-10-06T15:22:02.007Z"
"cmuwtubwt000xujvo2vbzpilf","cmutwebzj015kujsgp54c32d9","Jitin Sachdeva","7988605550","0","SUCCESS","PAYMENT_EXEMPT","","","2026-10-06T15:22:01.805Z"
"cmuwtubrh000vujvorbzq07on","cmutwd5ut00i2ujsgucu6jby7","Shobhit Nagi","9871337178","0","SUCCESS","PAYMENT_EXEMPT","","","2026-10-06T15:22:01.613Z"
"cmuwtubcb000tujvosgm7bplr","cmutwe6rn012oujsgoz3pujyu","Sahil Taneja","9811519919","0","SUCCESS","PAYMENT_EXEMPT","","","2026-10-06T15:22:01.067Z"
"cmuwtub6n000rujvobt5gj9hy","cmutwe634012bujsgy5gvilfd","Kriti Kwatra","9868946215","0","SUCCESS","PAYMENT_EXEMPT","","","2026-10-06T15:22:00.862Z"
"cmuwtuayt000pujvolx24dime","cmutwe5gz011yujsgad24w7qs","Shubham verma","9991681500","0","SUCCESS","PAYMENT_EXEMPT","","","2026-10-06T15:22:00.581Z"
"cmuwtuasp000nujvoxq82mzm4","cmutwe4xd011nujsg9ohaunbc","Lokesh Ravindra Sikand","8793113535","0","SUCCESS","PAYMENT_EXEMPT","","","2026-10-06T15:22:00.361Z"
"cmuwtuana000lujvoxzl45rpn","cmutwe4bc011aujsgzsyaqk5h","Siddharth mehta","9873111691","0","SUCCESS","PAYMENT_EXEMPT","","","2026-10-06T15:22:00.166Z"
"cmuwtuaho000jujvo168mazfn","cmutwe3ow010xujsgy4fsed9b","ANUBHUTI TALWAR","6370352608","0","SUCCESS","PAYMENT_EXEMPT","","","2026-10-06T15:21:59.964Z"
"cmuwtuac8000hujvopvxrxnlc","cmutwe32m010kujsggdydumsk","Nandita Kapoor","9425388189","0","SUCCESS","PAYMENT_EXEMPT","","","2026-10-06T15:21:59.768Z"
"cmuwtua6u000fujvocajxwmad","cmutwe2g20107ujsgoygbfe9t","Shubham Arora","9855227052","0","SUCCESS","PAYMENT_EXEMPT","","","2026-10-06T15:21:59.574Z"
"cmuwtua1k000dujvo02wtpbfg","cmutwe1wc00zwujsg80eo4wte","Vishal Saluja","9798128722","0","SUCCESS","PAYMENT_EXEMPT","","","2026-10-06T15:21:59.384Z"
"cmuwtu9wb000bujvo3iafumbk","cmutwe1a900zjujsg84nz60qy","Geetanshu Kataria","7404750017","0","SUCCESS","PAYMENT_EXEMPT","","","2026-10-06T15:21:59.196Z"
"cmuwtu9qw0009ujvoq0tdl4w9","cmutwe0lr00z4ujsgo87b7ebw","Swadha Tandon","7985844799","0","SUCCESS","PAYMENT_EXEMPT","","","2026-10-06T15:21:59.000Z"
"cmuwtu9lb0007ujvocgqzdr09","cmusgh7ok007fld04s5f3ka6m","Unnati walia","9369615665","0","SUCCESS","PAYMENT_EXEMPT","","","2026-10-06T15:21:58.799Z"
"cmuwtu9fx0005ujvog8juyhqh","cmusifss900q5l404hu1ouc2d","Kapil Arora","8983260890","0","SUCCESS","PAYMENT_EXEMPT","","","2026-10-06T15:21:58.606Z"
"cmuwtu9am0003ujvocfhjj99h","cmutwcbmr001lujsg810fzcg4","Dinkar Sehgal","9888065138","0","SUCCESS","PAYMENT_EXEMPT","","","2026-10-06T15:21:58.414Z"
"cmuwtu8ya0001ujvoceg6pb41","cmutwc9r6000mujsgzlacf7fe","Rajesh Banga","9817642311","0","SUCCESS","PAYMENT_EXEMPT","","","2026-10-06T15:21:57.969Z"
"cmuwq393s000eujm0cdf4az7b","cmutwc86o0000ujsg4la3ktvw","Bhopender Dhankar","9540403071","0","SUCCESS","PAYMENT_EXEMPT","EXEMPT","","2026-10-06T13:36:59.608Z"
"cmuwpzdze000aujm0rbmqi6el","cmutwitop000dujss7gpchp2x","Naman Nagpal","9896801112","0","SUCCESS","PAYMENT_EXEMPT","EXEMPT","","2026-10-06T13:33:59.307Z"
"cmuwpy2lk0006ujm093q4ej10","cmutwiuh3000uujsscqae90xu","Varun chopra","9988372665","0","SUCCESS","PAYMENT_EXEMPT","EXEMPT","","2026-10-06T13:32:57.895Z"
"cmuwmoqfb0002ujm02o2tt1um","cmutwiv4p0017ujssa5oekcyp","Dinkar Sehgal","9797711377","0","SUCCESS","PAYMENT_EXEMPT","MANUAL_REF_1791288103363","","2026-10-06T12:01:43.366Z"